Time (s);Bx (µT);By (µT);Bz (µT)
0.0123049133;-46.1502985676;-1923.4264273171;-35.5957712064
0.0246098266;-45.7962173261;-1923.5807531707;-34.4777460998
0.0369147399;-46.1502985676;-1923.4264273171;-35.5957712064
0.0492196532;-47.2125422922;-1924.1980565854;-34.4777460998
0.0615245665;-47.0355016715;-1923.8894048781;-36.2945368980
0.0738294798;-47.2125422922;-1923.8894048781;-32.2416958867
0.0861343931;-47.5666235338;-1921.4201912195;-35.5957712064
0.0984393064;-47.0355016715;-1921.5745170732;-33.7789804082
0.1107442197;-46.5043798091;-1923.8894048781;-36.5740431746
0.1230491329;-46.5043798091;-1922.3461463415;-35.0367586531
0.1353540462;-47.2125422922;-1922.3461463415;-33.2199678549
0.1476589595;-47.0355016715;-1923.4264273171;-35.7355243447
0.1599638728;-47.0355016715;-1924.3523824390;-34.8970055148
0.1722687861;-47.5666235338;-1922.5004721951;-33.7789804082
0.1845736994;-46.6814204299;-1923.7350790244;-33.0802147166
0.1968786127;-46.5043798091;-1921.5745170732;-33.3597209932
0.2091835260;-45.9732579468;-1925.1240117073;-35.3162649297
0.2214884393;-45.9732579468;-1922.8091239024;-35.1765117914
0.2337933526;-46.5043798091;-1923.8894048781;-35.1765117914
0.2460982659;-46.8584610507;-1923.5807531707;-32.3814490250
0.2584031792;-45.6191767053;-1923.2721014634;-35.1765117914
0.2707080925;-45.2650954637;-1924.1980565854;-35.4560180681
0.2830130058;-45.2650954637;-1923.4264273171;-34.6174992381
0.2953179191;-45.9732579468;-1924.3523824390;-35.1765117914
0.3076228324;-45.7962173261;-1922.5004721951;-33.0802147166
0.3199277457;-46.1502985676;-1923.7350790244;-34.6174992381
0.3322326590;-46.6814204299;-1923.7350790244;-36.5740431746
0.3445375723;-46.5043798091;-1924.0437307317;-34.7572523765
0.3568424855;-46.3273391884;-1922.5004721951;-34.3379929615
0.3691473988;-46.3273391884;-1923.7350790244;-33.4994741316
0.3814523121;-46.1502985676;-1923.2721014634;-34.7572523765
0.3937572254;-46.5043798091;-1923.4264273171;-32.6609553016
0.4060621387;-46.5043798091;-1922.9634497561;-33.0802147166
0.4183670520;-46.8584610507;-1923.8894048781;-35.3162649297
0.4306719653;-45.9732579468;-1924.3523824390;-32.1019427484
0.4429768786;-45.4421360845;-1924.1980565854;-34.3379929615
0.4552817919;-46.8584610507;-1922.1918204878;-33.7789804082
0.4675867052;-46.8584610507;-1923.7350790244;-35.4560180681
0.4798916185;-46.5043798091;-1924.0437307317;-31.6826833334
0.4921965318;-46.6814204299;-1922.1918204878;-33.9187335465
0.5045014451;-46.6814204299;-1922.0374946341;-36.9933025896
0.5168063584;-47.2125422922;-1922.0374946341;-34.4777460998
0.5291112717;-47.0355016715;-1922.6547980488;-34.1982398232
0.5414161850;-47.2125422922;-1922.5004721951;-36.4342900363
0.5537210983;-47.2125422922;-1923.2721014634;-35.3162649297
0.5660260116;-46.3273391884;-1923.1177756098;-35.7355243447
0.5783309249;-46.6814204299;-1923.7350790244;-34.6174992381
0.5906358382;-45.7962173261;-1922.9634497561;-34.0584866849
0.6029407514;-46.3273391884;-1923.4264273171;-34.3379929615
0.6152456647;-46.5043798091;-1922.6547980488;-34.6174992381
0.6275505780;-46.3273391884;-1923.1177756098;-32.6609553016
0.6398554913;-47.3895829130;-1922.8091239024;-35.4560180681
0.6521604046;-47.9207047753;-1922.6547980488;-32.1019427484
0.6644653179;-46.8584610507;-1922.1918204878;-34.7572523765
0.6767702312;-47.0355016715;-1923.2721014634;-34.7572523765
0.6890751445;-46.5043798091;-1922.8091239024;-33.2199678549
0.7013800578;-46.3273391884;-1922.8091239024;-32.5212021633
0.7136849711;-46.6814204299;-1922.1918204878;-32.5212021633
0.7259898844;-46.8584610507;-1923.7350790244;-36.0150306213
0.7382947977;-46.3273391884;-1922.8091239024;-32.9404615783
0.7505997110;-45.4421360845;-1921.4201912195;-33.9187335465
0.7629046243;-46.1502985676;-1922.3461463415;-35.7355243447
0.7752095376;-45.9732579468;-1923.1177756098;-35.7355243447
0.7875144509;-46.1502985676;-1921.7288429268;-34.7572523765
0.7998193642;-45.7962173261;-1923.5807531707;-34.6174992381
0.8121242775;-45.7962173261;-1921.8831687805;-33.0802147166
0.8244291908;-46.1502985676;-1923.8894048781;-34.1982398232
0.8367341040;-45.9732579468;-1923.1177756098;-34.8970055148
0.8490390173;-46.1502985676;-1921.7288429268;-34.4777460998
0.8613439306;-45.6191767053;-1923.1177756098;-36.5740431746
0.8736488439;-46.1502985676;-1923.5807531707;-36.1547837597
0.8859537572;-46.6814204299;-1924.1980565854;-35.0367586531
0.8982586705;-46.1502985676;-1923.4264273171;-34.8970055148
0.9105635838;-46.6814204299;-1923.4264273171;-34.8970055148
0.9228684971;-46.3273391884;-1923.1177756098;-35.1765117914
0.9351734104;-46.3273391884;-1923.4264273171;-31.8224364717
0.9474783237;-46.3273391884;-1922.9634497561;-36.0150306213
0.9597832370;-46.1502985676;-1923.1177756098;-34.6174992381
0.9720881503;-46.5043798091;-1923.4264273171;-35.8752774830
0.9843930636;-47.3895829130;-1923.7350790244;-34.4777460998
0.9966979769;-46.6814204299;-1923.5807531707;-35.0367586531
1.0090028902;-46.5043798091;-1923.5807531707;-33.4994741316
1.0213078035;-46.8584610507;-1924.0437307317;-35.7355243447
1.0336127168;-46.5043798091;-1923.1177756098;-35.3162649297
1.0459176301;-47.2125422922;-1922.9634497561;-35.4560180681
1.0582225434;-47.0355016715;-1923.1177756098;-35.4560180681
1.0705274566;-46.8584610507;-1922.1918204878;-33.4994741316
1.0828323699;-46.6814204299;-1923.7350790244;-36.1547837597
1.0951372832;-45.7962173261;-1922.5004721951;-34.0584866849
1.1074421965;-45.7962173261;-1922.8091239024;-36.4342900363
1.1197471098;-45.6191767053;-1924.8153600000;-34.6174992381
1.1320520231;-46.6814204299;-1924.1980565854;-32.5212021633
1.1443569364;-46.3273391884;-1924.0437307317;-36.8535494513
1.1566618497;-45.4421360845;-1923.4264273171;-35.8752774830
1.1689667630;-45.2650954637;-1924.1980565854;-37.6920682812
1.1812716763;-45.7962173261;-1924.3523824390;-35.3162649297
1.1935765896;-45.4421360845;-1923.1177756098;-35.5957712064
1.2058815029;-45.9732579468;-1923.5807531707;-34.4777460998
1.2181864162;-46.1502985676;-1923.7350790244;-35.4560180681
1.2304913295;-46.1502985676;-1923.2721014634;-35.5957712064
1.2427962428;-46.1502985676;-1923.5807531707;-33.6392272699
1.2551011561;-46.1502985676;-1923.4264273171;-34.4777460998
1.2674060694;-47.3895829130;-1923.1177756098;-36.2945368980
1.2797109827;-47.2125422922;-1923.2721014634;-37.9715745578
1.2920158960;-46.8584610507;-1923.5807531707;-36.0150306213
1.3043208092;-47.0355016715;-1922.5004721951;-34.7572523765
1.3166257225;-47.2125422922;-1922.9634497561;-34.7572523765
1.3289306358;-47.7436641545;-1921.2658653659;-35.0367586531
1.3412355491;-46.8584610507;-1922.9634497561;-32.9404615783
1.3535404624;-46.8584610507;-1922.6547980488;-37.8318214195
1.3658453757;-46.3273391884;-1922.8091239024;-36.5740431746
1.3781502890;-46.1502985676;-1922.6547980488;-34.8970055148
1.3904552023;-45.9732579468;-1922.9634497561;-35.1765117914
1.4027601156;-46.5043798091;-1924.0437307317;-34.1982398232
1.4150650289;-46.3273391884;-1922.8091239024;-33.2199678549
1.4273699422;-46.1502985676;-1924.0437307317;-35.4560180681
1.4396748555;-45.9732579468;-1924.3523824390;-35.0367586531
1.4519797688;-46.5043798091;-1923.5807531707;-35.1765117914
1.4642846821;-45.2650954637;-1923.8894048781;-36.1547837597
1.4765895954;-45.4421360845;-1924.3523824390;-33.4994741316
1.4888945087;-45.4421360845;-1924.6610341463;-32.1019427484
1.5011994220;-45.0880548430;-1926.0499668293;-32.6609553016
1.5135043353;-44.7339736014;-1925.5869892683;-31.4031770568
1.5258092486;-44.9110142222;-1926.9759219512;-29.8658925352
1.5381141618;-45.4421360845;-1926.9759219512;-29.3068799819
1.5504190751;-44.7339736014;-1926.9759219512;-26.7913234922
1.5627239884;-45.0880548430;-1926.2042926829;-28.3286080137
1.5750289017;-46.3273391884;-1927.4388995122;-31.1236707801
1.5873338150;-46.1502985676;-1927.1302478049;-28.8876205670
1.5996387283;-46.1502985676;-1927.1302478049;-29.7261393969
1.6119436416;-45.7962173261;-1926.2042926829;-28.1888548754
1.6242485549;-45.7962173261;-1925.7413151220;-28.0491017370
1.6365534682;-46.1502985676;-1925.5869892683;-30.5646582268
1.6488583815;-45.9732579468;-1926.2042926829;-31.6826833334
1.6611632948;-46.1502985676;-1925.8956409756;-29.8658925352
1.6734682081;-45.9732579468;-1925.5869892683;-30.2851519502
1.6857731214;-44.7339736014;-1926.0499668293;-27.3503360454
1.6980780347;-45.4421360845;-1926.5129443902;-28.1888548754
1.7103829480;-45.9732579468;-1926.0499668293;-30.1453988119
1.7226878613;-45.6191767053;-1926.0499668293;-27.6298423221
1.7349927746;-45.2650954637;-1927.9018770732;-27.6298423221
1.7472976879;-45.2650954637;-1926.9759219512;-27.2105829071
1.7596026012;-44.7339736014;-1926.6672702439;-26.5118172155
1.7719075145;-45.6191767053;-1927.1302478049;-23.2974950341
1.7842124277;-45.7962173261;-1927.9018770732;-23.5770013108
1.7965173410;-46.3273391884;-1927.5932253659;-23.4372481724
1.8088222543;-46.5043798091;-1927.7475512195;-21.0614448210
1.8211271676;-47.0355016715;-1928.0562029268;-22.1794699276
1.8334320809;-47.5666235338;-1927.4388995122;-21.3409510976
1.8457369942;-47.0355016715;-1926.6672702439;-19.9434197144
1.8580419075;-46.5043798091;-1927.2845736585;-22.3192230659
1.8703468208;-46.6814204299;-1928.0562029268;-22.5987293425
1.8826517341;-47.2125422922;-1928.9821580488;-19.9434197144
1.8949566474;-47.2125422922;-1927.5932253659;-23.7167544491
1.9072615607;-47.0355016715;-1929.1364839024;-22.7384824808
1.9195664740;-45.7962173261;-1928.9821580488;-22.3192230659
1.9318713873;-46.8584610507;-1929.7537873171;-22.8782356192
1.9441763006;-45.7962173261;-1928.5191804878;-24.2757670024
1.9564812139;-45.9732579468;-1929.2908097561;-23.1577418958
1.9687861272;-45.4421360845;-1928.9821580488;-21.2011979593
1.9810910405;-45.4421360845;-1928.8278321951;-21.6204573743
1.9933959538;-45.9732579468;-1929.9081131707;-21.6204573743
2.0057008671;-45.6191767053;-1928.8278321951;-19.8036665761
2.0180057803;-45.0880548430;-1929.4451356098;-17.5676163630
2.0303106936;-45.6191767053;-1927.5932253659;-20.9216916827
2.0426156069;-45.2650954637;-1928.2105287805;-19.2446540228
2.0549205202;-45.6191767053;-1928.5191804878;-19.9434197144
2.0672254335;-46.1502985676;-1927.5932253659;-19.3844071611
2.0795303468;-45.6191767053;-1928.5191804878;-22.0397167892
2.0918352601;-45.2650954637;-1926.8215960976;-21.0614448210
2.1041401734;-45.0880548430;-1928.3648546341;-23.0179887575
2.1164450867;-44.9110142222;-1928.2105287805;-24.2757670024
2.1287500000;-44.9110142222;-1928.3648546341;-26.5118172155
2.1410549133;-44.3798923599;-1927.1302478049;-27.4900891838
2.1533598266;-43.4946892560;-1927.5932253659;-27.7695954604
2.1656647399;-43.6717298768;-1927.9018770732;-28.6081142903
2.1779696532;-42.7865267730;-1928.0562029268;-32.2416958867
2.1902745665;-41.3702018068;-1927.4388995122;-31.5429301951
2.2025794798;-41.1931611860;-1927.2845736585;-30.5646582268
2.2148843931;-40.3079580822;-1927.9018770732;-30.8441645035
2.2271893064;-39.9538768406;-1928.9821580488;-34.1982398232
2.2394942197;-39.7768362199;-1930.2167648781;-34.1982398232
2.2517991329;-38.8916331160;-1930.0624390244;-32.3814490250
2.2641040462;-39.0686737368;-1929.9081131707;-32.6609553016
2.2764089595;-37.8293893914;-1930.2167648781;-34.0584866849
2.2887138728;-37.6523487706;-1930.0624390244;-33.0802147166
2.3010187861;-37.2982675291;-1928.8278321951;-35.1765117914
2.3133236994;-37.1212269083;-1930.0624390244;-34.6174992381
2.3256286127;-36.4130644252;-1929.4451356098;-37.4125620046
2.3379335260;-35.8819425629;-1927.9018770732;-35.8752774830
2.3502384393;-34.8196988383;-1926.6672702439;-36.1547837597
2.3625433526;-34.6426582175;-1926.8215960976;-38.8100933878
2.3748482659;-33.9344957344;-1927.5932253659;-39.5088590794
2.3871531792;-33.0492926306;-1927.2845736585;-39.0895996644
2.3994580925;-32.3411301475;-1925.1240117073;-43.8412063673
2.4117630058;-30.9248051813;-1925.7413151220;-43.8412063673
2.4240679191;-30.0396020775;-1926.0499668293;-47.1952816870
2.4363728324;-28.0921552490;-1925.5869892683;-46.0772565805
2.4486777457;-27.3839927659;-1926.5129443902;-46.3567628571
2.4609826590;-26.8528709036;-1927.1302478049;-46.0772565805
2.4732875723;-25.4365459375;-1927.7475512195;-47.3350348254
2.4855924855;-24.5513428336;-1925.7413151220;-45.9375034421
2.4978973988;-23.3120584882;-1928.0562029268;-46.3567628571
2.5102023121;-22.7809366259;-1927.9018770732;-46.4965159954
2.5225072254;-22.0727741428;-1928.5191804878;-47.4747879637
2.5348121387;-22.0727741428;-1927.7475512195;-46.6362691338
2.5471170520;-22.0727741428;-1928.6735063415;-47.4747879637
2.5594219653;-21.8957335221;-1930.0624390244;-49.1518256235
2.5717268786;-21.8957335221;-1928.0562029268;-45.5182440272
2.5840317919;-21.0105304182;-1929.2908097561;-46.0772565805
2.5963367052;-20.8334897974;-1927.2845736585;-46.6362691338
2.6086416185;-20.3023679351;-1927.2845736585;-50.4096038684
2.6209465318;-21.0105304182;-1926.0499668293;-51.2481226984
2.6332514451;-19.9482866936;-1926.2042926829;-49.9903444535
2.6455563584;-19.2401242105;-1925.5869892683;-49.1518256235
2.6578612717;-18.7090023482;-1926.0499668293;-47.6145411020
2.6701661850;-18.7090023482;-1924.9696858537;-51.1083695600
2.6824710983;-18.3549211066;-1925.5869892683;-49.8505913151
2.6947760116;-17.8237992443;-1925.2783375610;-51.3878758367
2.7070809249;-17.8237992443;-1924.9696858537;-49.7108381768
2.7193858382;-17.4697180028;-1925.2783375610;-51.9468883900
2.7316907514;-17.4697180028;-1926.3586185366;-51.6673821133
2.7439956647;-16.9385961405;-1926.6672702439;-47.3350348254
2.7563005780;-18.0008398651;-1928.2105287805;-48.1735536553
2.7686054913;-18.3549211066;-1927.4388995122;-47.8940473786
2.7809104046;-18.0008398651;-1929.1364839024;-47.7542942403
2.7932153179;-18.3549211066;-1931.1427200000;-46.0772565805
2.8055202312;-18.8860429690;-1929.1364839024;-45.2387377505
2.8178251445;-19.5942054520;-1928.3648546341;-47.6145411020
2.8301300578;-19.9482866936;-1929.9081131707;-46.7760222721
2.8424349711;-20.8334897974;-1927.9018770732;-43.9809595057
2.8547398844;-21.5416522805;-1928.5191804878;-48.1735536553
2.8670447977;-22.4268553844;-1927.4388995122;-46.0772565805
2.8793497110;-22.2498147636;-1927.1302478049;-48.0338005170
2.8916546243;-22.0727741428;-1927.1302478049;-47.0555285487
2.9039595376;-22.2498147636;-1926.9759219512;-48.7325662086
2.9162644509;-21.1875710390;-1926.2042926829;-49.0120724852
2.9285693642;-21.7186929013;-1926.6672702439;-49.9903444535
2.9408742775;-22.2498147636;-1926.8215960976;-47.7542942403
2.9531791908;-21.3646116597;-1927.9018770732;-47.4747879637
2.9654841040;-21.7186929013;-1926.8215960976;-47.4747879637
2.9777890173;-21.5416522805;-1929.1364839024;-48.5928130702
2.9900939306;-21.0105304182;-1928.2105287805;-46.0772565805
3.0023988439;-21.3646116597;-1930.2167648781;-46.9157754104
3.0147037572;-21.8957335221;-1930.2167648781;-45.5182440272
3.0270086705;-21.0105304182;-1930.9883941463;-44.6797251973
3.0393135838;-21.5416522805;-1931.2970458537;-45.3784908889
3.0516184971;-22.4268553844;-1930.8340682927;-43.0026875374
3.0639234104;-23.6661397298;-1930.9883941463;-46.4965159954
3.0762283237;-23.4890991090;-1930.8340682927;-44.8194783356
3.0885332370;-23.4890991090;-1930.9883941463;-46.9157754104
3.1008381503;-23.6661397298;-1928.8278321951;-45.7977503038
3.1131430636;-23.6661397298;-1928.9821580488;-43.4219469524
3.1254479769;-22.9579772467;-1929.7537873171;-46.6362691338
3.1377528902;-23.4890991090;-1927.9018770732;-46.6362691338
3.1500578035;-22.4268553844;-1928.2105287805;-46.0772565805
3.1623627168;-22.2498147636;-1927.2845736585;-47.8940473786
3.1746676301;-22.2498147636;-1927.2845736585;-49.2915787619
3.1869725434;-20.6564491767;-1929.4451356098;-47.4747879637
3.1992774566;-19.9482866936;-1928.3648546341;-48.3133067936
3.2115823699;-18.5319617274;-1929.2908097561;-49.4313319002
3.2238872832;-17.2926773820;-1930.0624390244;-48.3133067936
3.2361921965;-16.9385961405;-1929.4451356098;-45.3784908889
3.2484971098;-16.2304336574;-1931.9143492683;-47.0555285487
3.2608020231;-15.3452305536;-1932.3773268293;-47.3350348254
3.2731069364;-13.7518649666;-1932.6859785366;-45.9375034421
3.2854118497;-13.0437024835;-1932.5316526829;-45.7977503038
3.2977167630;-12.3355400005;-1934.3835629268;-43.7014532290
3.3100216763;-11.2732962758;-1932.8403043902;-46.3567628571
3.3223265896;-10.3880931720;-1932.6859785366;-44.8194783356
3.3346315029;-9.5028900681;-1933.7662595122;-45.9375034421
3.3469364162;-8.9717682058;-1932.5316526829;-44.5399720589
3.3592413295;-7.0243213773;-1932.3773268293;-46.0772565805
3.3715462428;-6.3161588943;-1932.3773268293;-46.9157754104
3.3838511561;-4.3687120658;-1930.5254165854;-47.3350348254
3.3961560694;-3.1294277204;-1930.8340682927;-47.8940473786
3.4084609827;-1.8901433750;-1930.5254165854;-49.0120724852
3.4207658960;-0.1197371673;-1930.5254165854;-47.6145411020
3.4330708092;0.5884253158;-1930.8340682927;-46.9157754104
3.4453757225;2.8899533858;-1930.5254165854;-47.4747879637
3.4576806358;3.7751564897;-1929.5994614634;-45.3784908889
3.4699855491;6.2537251804;-1931.1427200000;-47.3350348254
3.4822904624;6.6078064220;-1931.7600234146;-45.2387377505
3.4945953757;8.7322938712;-1932.5316526829;-45.7977503038
3.5069002890;9.6174969751;-1933.3032819512;-43.1424406757
3.5192052023;10.6797406997;-1935.0008663415;-42.3039218458
3.5315101156;12.0960656659;-1934.0749112195;-42.0244155692
3.5438150289;13.5123906320;-1932.5316526829;-42.4436749841
3.5561199422;14.2205531151;-1934.2292370732;-41.7449092925
3.5684248555;14.9287155982;-1935.0008663415;-42.0244155692
3.5807297688;16.5220811851;-1933.9205853659;-43.1424406757
3.5930346821;17.9384061513;-1933.1489560976;-43.2821938140
3.6053395954;18.8236092551;-1933.6119336585;-42.8629343991
3.6176445087;19.1776904967;-1933.1489560976;-41.6051561542
3.6299494220;20.7710560836;-1932.9946302439;-41.8846624308
3.6422543353;21.4792185667;-1932.6859785366;-42.8629343991
3.6545592486;22.0103404290;-1931.7600234146;-43.2821938140
3.6668641618;22.7185029121;-1929.7537873171;-44.4002189206
3.6791690751;24.1348278782;-1931.6056975610;-43.1424406757
3.6914739884;24.4889091198;-1930.9883941463;-41.0461436009
3.7037789017;25.7281934652;-1932.3773268293;-41.8846624308
3.7160838150;26.6133965690;-1930.9883941463;-40.7666373243
3.7283887283;27.4985996729;-1932.0686751220;-42.7231812608
3.7406936416;27.8526809144;-1931.1427200000;-37.8318214195
3.7529985549;27.4985996729;-1932.2230009756;-37.2728088662
3.7653034682;28.5608433975;-1931.4513717073;-38.1113276962
3.7776083815;28.3838027767;-1933.4576078049;-37.2728088662
3.7899132948;29.4460465014;-1932.5316526829;-38.1113276962
3.8022182081;28.2067621560;-1934.3835629268;-35.5957712064
3.8145231214;28.9149246390;-1932.0686751220;-33.4994741316
3.8268280347;28.9149246390;-1932.5316526829;-36.7137963130
3.8391329480;29.2690058806;-1932.9946302439;-36.5740431746
3.8514378613;29.0919652598;-1932.8403043902;-35.5957712064
3.8637427746;28.3838027767;-1932.2230009756;-38.9498465261
3.8760476879;28.9149246390;-1932.2230009756;-38.5305871111
3.8883526012;28.3838027767;-1931.4513717073;-36.4342900363
3.9006575145;29.0919652598;-1931.6056975610;-39.0895996644
3.9129624277;29.0919652598;-1931.7600234146;-37.9715745578
3.9252673410;28.9149246390;-1930.2167648781;-37.8318214195
3.9375722543;29.0919652598;-1929.5994614634;-37.9715745578
3.9498771676;28.7378840183;-1931.4513717073;-39.2293528027
3.9621820809;28.9149246390;-1932.8403043902;-38.8100933878
3.9744869942;29.0919652598;-1932.5316526829;-39.0895996644
3.9867919075;28.9149246390;-1933.7662595122;-37.6920682812
3.9990968208;28.7378840183;-1933.6119336585;-38.8100933878
4.0114017341;28.2067621560;-1932.6859785366;-38.3908339728
4.0237066474;28.2067621560;-1932.8403043902;-35.7355243447
4.0360115607;27.4985996729;-1933.7662595122;-36.0150306213
4.0483164740;27.3215590521;-1934.0749112195;-35.5957712064
4.0606213873;26.6133965690;-1935.3095180488;-36.8535494513
4.0729263006;26.6133965690;-1934.0749112195;-36.9933025896
4.0852312139;25.3741122236;-1934.0749112195;-36.8535494513
4.0975361272;25.0200309821;-1933.1489560976;-37.1330557279
4.1098410405;25.0200309821;-1933.1489560976;-36.0150306213
4.1221459538;24.6659497406;-1934.5378887805;-38.5305871111
4.1344508671;24.8429903613;-1933.6119336585;-38.2510808345
4.1467557803;24.1348278782;-1934.5378887805;-42.0244155692
4.1590606936;23.2496247744;-1932.2230009756;-38.9498465261
4.1713656069;23.6037060159;-1931.7600234146;-39.7883653560
4.1836705202;24.3118684990;-1933.7662595122;-38.2510808345
4.1959754335;23.7807466367;-1933.7662595122;-38.1113276962
4.2082803468;23.7807466367;-1933.3032819512;-40.3473779093
4.2205852601;23.4266653952;-1933.4576078049;-39.5088590794
4.2328901734;23.4266653952;-1934.5378887805;-37.2728088662
4.2451950867;23.0725841536;-1935.1551921951;-36.7137963130
4.2575000000;22.5414622913;-1935.1551921951;-37.2728088662
4.2698049133;23.2496247744;-1936.8527765854;-35.8752774830
4.2821098266;22.0103404290;-1936.0811473171;-35.4560180681
4.2944147399;21.3021779459;-1935.7724956098;-36.7137963130
4.3067196532;22.7185029121;-1936.5441248781;-39.5088590794
4.3190245665;21.3021779459;-1937.1614282927;-36.9933025896
4.3313294798;20.7710560836;-1936.2354731707;-37.2728088662
4.3436343931;21.3021779459;-1935.6181697561;-36.0150306213
4.3559393064;21.4792185667;-1936.5441248781;-38.3908339728
4.3682442197;22.8955435329;-1935.1551921951;-38.2510808345
4.3805491329;22.5414622913;-1934.6922146341;-38.9498465261
4.3928540462;23.4266653952;-1934.6922146341;-40.0678716327
4.4051589595;23.9577872575;-1934.5378887805;-37.2728088662
4.4174638728;24.3118684990;-1933.4576078049;-38.8100933878
4.4297687861;24.8429903613;-1934.8465404878;-38.6703402495
4.4420736994;26.0822747067;-1935.9268214634;-35.1765117914
4.4543786127;26.4363559483;-1934.8465404878;-37.1330557279
4.4666835260;26.4363559483;-1935.4638439024;-35.1765117914
4.4789884393;27.4985996729;-1936.0811473171;-33.4994741316
4.4912933526;27.3215590521;-1935.3095180488;-31.8224364717
4.5035982659;28.0297215352;-1937.1614282927;-30.1453988119
4.5159031792;28.9149246390;-1939.0133385366;-31.2634239184
4.5282080925;29.8001277429;-1937.1614282927;-29.8658925352
4.5405130058;29.4460465014;-1938.2417092683;-29.7261393969
4.5528179191;30.3312496052;-1938.5503609756;-29.1671268436
4.5651228324;30.3312496052;-1937.6244058537;-26.9310766305
4.5774277457;30.8623714675;-1937.1614282927;-26.5118172155
4.5897326590;31.3934933298;-1938.8590126829;-24.9745326940
4.6020375723;31.9246151921;-1938.0873834146;-26.3720640772
4.6143424855;32.9868589168;-1937.4700800000;-26.5118172155
4.6266473988;33.5179807791;-1937.0071024390;-23.1577418958
4.6389523121;34.7572651245;-1936.5441248781;-24.8347795557
4.6512572254;35.4654276076;-1935.3095180488;-23.7167544491
4.6635621387;35.4654276076;-1936.5441248781;-25.1142858323
4.6758670520;37.0587931945;-1937.6244058537;-22.7384824808
4.6881719653;36.8817525737;-1936.3897990244;-18.9651477462
4.7004768786;37.0587931945;-1936.5441248781;-20.2229259911
4.7127817919;37.7669556776;-1935.3095180488;-16.7290975330
4.7250867052;38.4751181606;-1936.2354731707;-18.2663820546
4.7373916185;38.6521587814;-1934.8465404878;-17.0086038097
4.7496965318;38.8291994022;-1935.3095180488;-16.1700849798
4.7620014451;39.3603212645;-1937.3157541463;-14.3532941816
4.7743063584;39.0062400230;-1936.2354731707;-15.6110724265
4.7866112717;39.1832806437;-1937.3157541463;-15.8905787031
4.7989161850;39.0062400230;-1935.9268214634;-14.9123067349
4.8112210983;39.3603212645;-1935.6181697561;-13.3750222133
4.8235260116;39.3603212645;-1935.0008663415;-13.3750222133
4.8358309249;39.3603212645;-1933.9205853659;-11.8377376918
4.8481358382;40.0684837476;-1933.1489560976;-11.6979845535
4.8604407514;40.0684837476;-1933.4576078049;-13.6545284900
4.8727456647;40.0684837476;-1934.5378887805;-14.9123067349
4.8850505780;39.1832806437;-1933.7662595122;-15.4713192881
4.8973554913;40.0684837476;-1932.6859785366;-12.8160096600
4.9096604046;40.0684837476;-1934.2292370732;-11.8377376918
4.9219653179;40.5996056099;-1934.3835629268;-10.3004531703
4.9342702312;41.1307274722;-1933.6119336585;-10.7197125852
4.9465751445;41.1307274722;-1932.6859785366;-10.4402063086
4.9588800578;40.7766462307;-1932.5316526829;-10.8594657235
4.9711849711;41.4848087137;-1932.2230009756;-10.8594657235
4.9834898844;41.1307274722;-1932.3773268293;-10.9992188619
4.9957947977;40.4225649891;-1931.7600234146;-10.1607000319
5.0080997110;39.7144025060;-1931.1427200000;-8.6234155104
5.0204046243;41.3077680930;-1931.7600234146;-8.6234155104
5.0327095376;40.4225649891;-1932.6859785366;-10.3004531703
5.0450144509;40.0684837476;-1932.5316526829;-10.3004531703
5.0573193642;39.1832806437;-1932.8403043902;-9.0426749254
5.0696242775;39.3603212645;-1933.9205853659;-12.6762565217
5.0819291908;38.8291994022;-1933.3032819512;-11.2787251385
5.0942341040;39.5373618853;-1934.6922146341;-13.3750222133
5.1065390173;39.1832806437;-1933.4576078049;-12.3967502451
5.1188439306;39.0062400230;-1934.0749112195;-13.7942816283
5.1311488439;39.3603212645;-1934.0749112195;-12.6762565217
5.1434537572;39.3603212645;-1931.2970458537;-13.9340347666
5.1557586705;38.8291994022;-1931.9143492683;-13.6545284900
5.1680635838;38.8291994022;-1932.8403043902;-15.6110724265
5.1803684971;39.3603212645;-1935.0008663415;-12.3967502451
5.1926734104;38.8291994022;-1936.0811473171;-14.3532941816
5.2049783237;39.1832806437;-1934.0749112195;-15.3315661498
5.2172832370;39.0062400230;-1935.4638439024;-13.7942816283
5.2295881503;38.8291994022;-1936.6984507317;-13.3750222133
5.2418930636;38.4751181606;-1935.9268214634;-17.1483569480
5.2541979769;37.7669556776;-1935.9268214634;-13.3750222133
5.2665028902;37.9439962983;-1937.0071024390;-13.7942816283
5.2788078035;37.4128744360;-1936.5441248781;-13.7942816283
5.2911127168;37.4128744360;-1936.0811473171;-15.1918130115
5.3034176301;36.8817525737;-1936.8527765854;-13.9340347666
5.3157225434;36.5276713322;-1937.0071024390;-18.1266289162
5.3280274566;35.9965494699;-1936.6984507317;-15.7508255648
5.3403323699;35.8195088491;-1938.2417092683;-19.6639134378
5.3526372832;36.3506307114;-1936.5441248781;-17.0086038097
5.3649421965;35.8195088491;-1937.1614282927;-19.5241602995
5.3772471098;35.1113463660;-1937.9330575610;-19.9434197144
5.3895520231;34.9343057452;-1937.6244058537;-19.6639134378
5.4018569364;35.1113463660;-1937.9330575610;-20.9216916827
5.4141618497;35.2883869868;-1938.2417092683;-21.2011979593
5.4264667630;35.2883869868;-1938.2417092683;-21.7602105126
5.4387716763;35.1113463660;-1939.1676643902;-22.0397167892
5.4510765896;34.5802245037;-1937.3157541463;-18.2663820546
5.4633815029;34.4031838829;-1938.8590126829;-18.6856414695
5.4756864162;34.2261432622;-1939.4763160976;-21.0614448210
5.4879913295;35.4654276076;-1938.8590126829;-19.5241602995
5.5002962428;34.9343057452;-1939.6306419512;-19.3844071611
5.5126011561;34.5802245037;-1939.0133385366;-18.9651477462
5.5249060694;34.7572651245;-1939.6306419512;-18.8253946079
5.5372109827;34.9343057452;-1940.5565970732;-18.6856414695
5.5495158960;34.5802245037;-1939.6306419512;-18.6856414695
5.5618208092;32.9868589168;-1939.4763160976;-18.2663820546
5.5741257225;34.4031838829;-1941.6368780488;-18.2663820546
5.5864306358;33.8720620206;-1940.0936195122;-19.2446540228
5.5987355491;33.6950213998;-1940.0936195122;-16.8688506714
5.6110404624;33.6950213998;-1938.3960351220;-17.1483569480
5.6233453757;34.4031838829;-1940.8652487805;-17.7073695013
5.6356502890;34.5802245037;-1939.7849678049;-17.4278632246
5.6479552023;34.4031838829;-1939.7849678049;-16.8688506714
5.6602601156;33.6950213998;-1939.6306419512;-16.7290975330
5.6725650289;34.2261432622;-1938.8590126829;-14.4930473199
5.6848699422;34.4031838829;-1938.7046868293;-13.3750222133
5.6971748555;35.1113463660;-1939.3219902439;-13.2352690750
5.7094797688;34.7572651245;-1938.7046868293;-11.9774908301
5.7217846821;34.9343057452;-1937.7787317073;-9.0426749254
5.7340895954;33.8720620206;-1938.3960351220;-9.3221812020
5.7463945087;34.7572651245;-1939.7849678049;-9.3221812020
5.7586994220;34.4031838829;-1938.3960351220;-8.2041560954
5.7710043353;34.5802245037;-1937.7787317073;-7.6451435422
5.7833092486;34.4031838829;-1937.3157541463;-6.2476121590
5.7956141618;34.2261432622;-1938.8590126829;-7.6451435422
5.8079190751;34.7572651245;-1936.5441248781;-4.8500807757
5.8202239884;34.7572651245;-1938.0873834146;-4.5705744991
5.8325289017;34.4031838829;-1937.3157541463;-3.5923025309
5.8448338150;34.0491026414;-1937.6244058537;-3.4525493925
5.8571387283;33.8720620206;-1936.5441248781;-4.8500807757
5.8694436416;33.8720620206;-1937.4700800000;-3.3127962542
5.8817485549;33.5179807791;-1936.2354731707;-3.7320556692
5.8940534682;33.8720620206;-1936.6984507317;-1.9152648710
5.9063583815;34.0491026414;-1935.4638439024;-3.3127962542
5.9186632948;34.5802245037;-1935.9268214634;-1.7755117327
5.9309682081;34.4031838829;-1935.9268214634;-0.6574866261
5.9432731214;34.0491026414;-1935.1551921951;1.8580698637
5.9555780347;33.8720620206;-1933.6119336585;0.7400447571
5.9678829480;33.5179807791;-1934.5378887805;2.1375761403
5.9801878613;34.2261432622;-1933.4576078049;4.6531326301
5.9924927746;33.1638995375;-1932.5316526829;2.2773292786
6.0047976879;33.8720620206;-1931.6056975610;6.1904171516
6.0171026012;33.8720620206;-1932.3773268293;5.0723920451
6.0294075145;33.1638995375;-1931.1427200000;4.0941200768
6.0417124277;33.1638995375;-1931.9143492683;5.0723920451
6.0540173410;33.6950213998;-1931.4513717073;5.6314045983
6.0663222543;33.1638995375;-1931.7600234146;6.4699234283
6.0786271676;32.9868589168;-1931.1427200000;5.7711577367
6.0909320809;32.9868589168;-1932.8403043902;2.9760949702
6.1032369942;31.9246151921;-1931.2970458537;5.2121451834
6.1155419075;33.1638995375;-1933.6119336585;2.2773292786
6.1278468208;33.1638995375;-1934.2292370732;3.8146138002
6.1401517341;33.5179807791;-1932.6859785366;5.4916514600
6.1524566474;33.3409401583;-1933.3032819512;5.7711577367
6.1647615607;33.8720620206;-1933.3032819512;4.3736263535
6.1770664740;33.6950213998;-1932.6859785366;2.8363418319
6.1893713873;32.9868589168;-1931.6056975610;5.7711577367
6.2016763006;34.0491026414;-1934.2292370732;5.7711577367
6.2139812139;33.5179807791;-1932.6859785366;5.9109108750
6.2262861272;33.6950213998;-1932.0686751220;5.3518983217
6.2385910405;32.8098182960;-1930.5254165854;8.1469610881
6.2508959538;33.1638995375;-1932.8403043902;6.1904171516
6.2632008671;33.1638995375;-1932.2230009756;4.5133794918
6.2755057803;33.1638995375;-1931.2970458537;5.6314045983
6.2878106936;33.8720620206;-1932.5316526829;5.3518983217
6.3001156069;33.3409401583;-1932.5316526829;3.5351075235
6.3124205202;33.3409401583;-1934.0749112195;4.6531326301
6.3247254335;33.5179807791;-1932.9946302439;3.8146138002
6.3370303468;33.1638995375;-1934.6922146341;2.5568355553
6.3493352601;33.6950213998;-1935.9268214634;1.1593041721
6.3616401734;32.6327776752;-1933.9205853659;1.8580698637
6.3739450867;33.1638995375;-1935.4638439024;1.7183167254
6.3862500000;33.5179807791;-1935.7724956098;-0.7972397644
6.3985549133;33.3409401583;-1936.2354731707;-0.0984740728
6.4108598266;32.8098182960;-1935.3095180488;-0.3779803495
6.4231647399;32.2786964337;-1935.6181697561;-2.7537837009
6.4354696532;33.3409401583;-1937.1614282927;-1.6357585944
6.4477745665;33.1638995375;-1935.9268214634;0.7400447571
6.4600794798;33.3409401583;-1936.2354731707;0.4605384805
6.4723843931;32.8098182960;-1937.9330575610;-0.3779803495
6.4846893064;32.6327776752;-1937.0071024390;0.0412790655
6.4969942197;32.6327776752;-1937.4700800000;-1.0767460411
6.5092991329;32.4557370545;-1937.0071024390;-1.7755117327
6.5216040462;32.8098182960;-1937.1614282927;-4.0115619458
6.5339089595;32.4557370545;-1937.7787317073;-2.0550180093
6.5462138728;31.7475745714;-1937.9330575610;-1.2164991794
6.5585187861;32.8098182960;-1939.1676643902;-1.0767460411
6.5708236994;33.3409401583;-1940.4022712195;-4.1513150841
6.5831286127;32.8098182960;-1938.8590126829;-5.1295870524
6.5954335260;32.8098182960;-1939.4763160976;-5.8283527440
6.6077384393;33.1638995375;-1939.4763160976;-6.5271184356
6.6200433526;32.8098182960;-1938.7046868293;-4.7103276374
6.6323482659;31.9246151921;-1939.6306419512;-5.5488464673
6.6446531792;32.6327776752;-1939.6306419512;-5.5488464673
6.6569580925;32.8098182960;-1939.0133385366;-5.2693401907
6.6692630058;32.8098182960;-1939.6306419512;-5.1295870524
6.6815679191;32.1016558129;-1939.1676643902;-4.8500807757
6.6938728324;31.5705339506;-1939.3219902439;-4.0115619458
6.7061777457;31.9246151921;-1939.7849678049;-3.8718088075
6.7184826590;31.3934933298;-1941.0195746341;-3.4525493925
6.7307875723;30.6853308468;-1939.6306419512;-3.4525493925
6.7430924855;30.1542089844;-1938.7046868293;-2.0550180093
6.7553973988;30.1542089844;-1939.7849678049;-1.9152648710
6.7677023121;29.6230871221;-1940.2479453659;-1.9152648710
6.7800072254;29.0919652598;-1939.0133385366;0.0412790655
6.7923121387;29.4460465014;-1937.9330575610;-1.4960054560
6.8046170520;28.9149246390;-1939.7849678049;0.0412790655
6.8169219653;28.0297215352;-1938.5503609756;1.4388104487
6.8292268786;28.0297215352;-1940.0936195122;3.3953543852
6.8415317919;27.6756402937;-1939.1676643902;0.0412790655
6.8538367052;27.1445184313;-1939.6306419512;-0.3779803495
6.8661416185;26.6133965690;-1940.4022712195;0.8797978954
6.8784465318;26.6133965690;-1940.8652487805;3.1158481086
6.8907514451;25.7281934652;-1939.9392936585;3.3953543852
6.9030563584;26.0822747067;-1938.8590126829;2.5568355553
6.9153612717;25.5511528444;-1937.7787317073;7.5879485348
6.9276661850;25.1970716029;-1937.7787317073;5.7711577367
6.9399710983;25.1970716029;-1936.3897990244;6.8891828432
6.9522760116;23.9577872575;-1937.1614282927;6.3301702899
6.9645809249;23.6037060159;-1937.4700800000;7.5879485348
6.9768858382;23.2496247744;-1936.6984507317;9.4047393330
6.9891907514;21.6562591875;-1936.5441248781;11.7805426845
7.0014956647;21.6562591875;-1937.0071024390;13.0383209294
7.0138005780;21.6562591875;-1935.4638439024;12.3395552378
7.0261054913;21.1251373252;-1933.6119336585;12.3395552378
7.0384104046;20.5940154628;-1935.4638439024;13.3178272060
7.0507153179;18.8236092551;-1934.3835629268;14.1563460359
7.0630202312;18.1154467721;-1933.6119336585;14.5756054509
7.0753251445;18.1154467721;-1934.8465404878;13.3178272060
7.0876300578;17.7613655305;-1933.7662595122;14.5756054509
7.0999349711;17.4072842890;-1933.6119336585;14.1563460359
7.1122398844;16.8761624267;-1934.8465404878;16.3923962491
7.1245447977;16.1679999436;-1932.6859785366;15.2743711425
7.1368497110;15.9909593228;-1933.6119336585;14.2960991743
7.1491546243;15.2827968397;-1931.7600234146;13.0383209294
7.1614595376;15.4598374605;-1933.3032819512;15.6936305575
7.1737644509;15.1057562190;-1931.9143492683;15.6936305575
7.1860693642;14.5746343566;-1931.6056975610;16.9514088024
7.1983742775;14.2205531151;-1930.5254165854;16.8116556640
7.2106791908;13.1583093905;-1929.9081131707;19.1874590155
7.2229841040;12.9812687697;-1928.3648546341;17.9296807706
7.2352890173;13.1583093905;-1928.2105287805;17.7899276323
7.2475939306;12.2731062866;-1929.1364839024;19.3272121538
7.2598988439;12.0960656659;-1928.3648546341;22.5415343352
7.2722037572;11.0338219412;-1927.7475512195;21.7030155053
7.2845086705;10.1486188374;-1927.2845736585;20.8644966753
7.2968135838;11.5649438035;-1928.9821580488;20.0259778454
7.3091184971;10.1486188374;-1928.9821580488;19.4669652921
7.3214234104;10.8567813205;-1930.5254165854;19.4669652921
7.3337283237;10.5027000789;-1929.9081131707;19.6067184305
7.3460332370;10.8567813205;-1930.5254165854;21.0042498137
7.3583381503;10.5027000789;-1932.0686751220;17.5104213556
7.3706430636;10.5027000789;-1930.8340682927;18.2091870472
7.3829479769;10.1486188374;-1929.9081131707;17.2309150790
7.3952528902;10.5027000789;-1931.9143492683;16.3923962491
7.4075578035;10.6797406997;-1930.0624390244;17.9296807706
7.4198627168;11.2108625620;-1930.9883941463;16.8116556640
7.4321676301;10.8567813205;-1931.2970458537;19.3272121538
7.4444725434;10.3256594582;-1931.1427200000;19.3272121538
7.4567774566;11.5649438035;-1928.6735063415;17.6501744940
7.4690823699;11.3879031828;-1929.5994614634;20.3054841221
7.4813872832;11.7419844243;-1930.9883941463;18.7681996005
7.4936921965;11.2108625620;-1931.1427200000;16.6719025257
7.5059971098;11.9190250451;-1930.2167648781;16.9514088024
7.5183020231;11.9190250451;-1930.0624390244;17.7899276323
7.5306069364;11.5649438035;-1931.7600234146;18.2091870472
7.5429118497;11.5649438035;-1932.3773268293;18.4886933239
7.5552167630;11.3879031828;-1932.6859785366;18.7681996005
7.5675216763;11.3879031828;-1933.9205853659;17.5104213556
7.5798265896;11.2108625620;-1934.6922146341;15.1346180042
7.5921315029;12.8042281489;-1934.0749112195;14.9948648659
7.6044364162;12.4501469074;-1935.0008663415;16.9514088024
7.6167413295;12.8042281489;-1937.3157541463;13.4575803443
7.6290462428;12.6271875282;-1936.2354731707;13.1780740677
7.6413511561;13.1583093905;-1936.5441248781;14.8551117275
7.6536560694;13.1583093905;-1937.1614282927;13.7370866210
7.6659609827;14.2205531151;-1937.3157541463;13.0383209294
7.6782658960;14.7516749774;-1937.4700800000;13.5973334826
7.6905708092;14.5746343566;-1935.9268214634;14.5756054509
7.7028757225;14.5746343566;-1937.7787317073;12.1998020994
7.7151806358;13.5123906320;-1937.0071024390;13.1780740677
7.7274855491;14.0435124943;-1938.0873834146;12.4793083761
7.7397904624;13.6894312528;-1937.3157541463;12.4793083761
7.7520953757;13.5123906320;-1937.4700800000;13.1780740677
7.7644002890;12.8042281489;-1937.3157541463;11.9202958228
7.7767052023;13.1583093905;-1939.0133385366;12.3395552378
7.7890101156;12.9812687697;-1939.1676643902;11.9202958228
7.8013150289;13.3353500113;-1938.7046868293;13.4575803443
7.8136199422;13.1583093905;-1939.6306419512;9.9637518863
7.8259248555;11.9190250451;-1939.1676643902;13.4575803443
7.8382297688;11.9190250451;-1939.6306419512;11.0817769929
7.8505346821;12.2731062866;-1940.8652487805;11.5010364078
7.8628395954;12.2731062866;-1939.9392936585;10.8022707162
7.8751445087;11.0338219412;-1940.7109229268;12.1998020994
7.8874494220;10.8567813205;-1939.1676643902;12.1998020994
7.8997543353;10.5027000789;-1939.7849678049;11.6407895462
7.9120592486;9.4404563543;-1939.3219902439;12.1998020994
7.9243641618;8.9093344920;-1939.7849678049;11.2215301312
7.9366690751;7.4930095258;-1939.4763160976;11.9202958228
7.9489739884;7.3159689051;-1938.5503609756;14.5756054509
7.9612789017;5.7226033181;-1938.2417092683;11.6407895462
7.9735838150;4.6603595935;-1939.4763160976;12.6190615144
7.9858887283;4.1292377312;-1938.7046868293;14.2960991743
7.9981936416;2.8899533858;-1938.2417092683;14.5756054509
8.0104985549;1.8277096612;-1937.1614282927;12.4793083761
8.0228034682;0.5884253158;-1936.6984507317;16.5321493874
8.0351083815;-0.8278996504;-1937.6244058537;14.9948648659
8.0474132948;-1.8901433750;-1938.0873834146;15.2743711425
8.0597182081;-3.4835089619;-1936.6984507317;14.9948648659
8.0720231214;-4.3687120658;-1939.3219902439;17.2309150790
8.0843280347;-6.1391182735;-1939.1676643902;14.0165928976
8.0966329480;-6.6702401358;-1937.3157541463;13.3178272060
8.1089378613;-7.3784026189;-1936.5441248781;17.0911619407
8.1212427746;-7.7324838604;-1937.3157541463;15.1346180042
8.1335476879;-10.3880931720;-1936.3897990244;15.2743711425
8.1458526012;-11.4503368966;-1935.7724956098;15.8333836958
8.1581575145;-11.8044181381;-1935.9268214634;16.1128899724
8.1704624277;-12.6896212420;-1934.5378887805;16.2526431107
8.1827673410;-13.9289055874;-1932.5316526829;16.9514088024
8.1950722543;-14.8141086912;-1933.3032819512;17.9296807706
8.2073771676;-15.5222711743;-1933.7662595122;17.5104213556
8.2196820809;-16.4074742782;-1931.7600234146;18.2091870472
8.2319869942;-17.8237992443;-1930.9883941463;18.3489401856
8.2442919075;-19.4171648313;-1930.6797424390;17.3706682173
8.2565968208;-20.3023679351;-1929.9081131707;16.9514088024
8.2689017341;-21.3646116597;-1928.8278321951;19.4669652921
8.2812066474;-21.5416522805;-1930.3710907317;16.5321493874
8.2935115607;-21.3646116597;-1929.7537873171;18.0694339089
8.3058164740;-22.9579772467;-1929.1364839024;16.5321493874
8.3181213873;-23.3120584882;-1929.2908097561;14.5756054509
8.3304263006;-24.1972615921;-1929.4451356098;15.9731368341
8.3427312139;-25.0824646959;-1927.7475512195;16.8116556640
8.3550361272;-25.4365459375;-1926.5129443902;16.6719025257
8.3673410405;-25.7906271790;-1927.4388995122;15.5538774191
8.3796459538;-25.9676677998;-1927.1302478049;16.1128899724
8.3919508671;-26.4987896621;-1926.2042926829;15.5538774191
8.4042557803;-27.3839927659;-1924.9696858537;15.2743711425
8.4165606936;-27.7380740075;-1924.9696858537;14.1563460359
8.4288656069;-27.3839927659;-1924.8153600000;17.2309150790
8.4411705202;-28.0921552490;-1925.7413151220;17.2309150790
8.4534754335;-28.4462364906;-1924.6610341463;16.8116556640
8.4657803468;-28.4462364906;-1924.1980565854;15.1346180042
8.4780852601;-28.9773583529;-1924.3523824390;15.9731368341
8.4903901734;-29.5084802152;-1924.1980565854;16.9514088024
8.5026950867;-30.0396020775;-1923.5807531707;15.4141242808
8.5150000000;-29.6855208360;-1924.0437307317;19.8862247071
8.5273049133;-29.1543989736;-1923.2721014634;16.8116556640
8.5396098266;-29.5084802152;-1924.1980565854;15.5538774191
8.5519147399;-29.5084802152;-1923.4264273171;17.0911619407
8.5642196532;-29.5084802152;-1923.7350790244;14.4358523126
8.5765245665;-29.1543989736;-1924.9696858537;14.9948648659
8.5888294798;-29.3314395944;-1926.0499668293;12.6190615144
8.6011343931;-29.1543989736;-1925.5869892683;14.5756054509
8.6134393064;-29.3314395944;-1925.8956409756;15.4141242808
8.6257442197;-29.1543989736;-1925.7413151220;13.8768397593
8.6380491329;-28.9773583529;-1926.3586185366;16.3923962491
8.6503540462;-29.1543989736;-1926.8215960976;13.4575803443
8.6626589595;-28.9773583529;-1926.2042926829;15.8333836958
8.6749638728;-27.9151146282;-1928.3648546341;13.8768397593
8.6872687861;-26.4987896621;-1926.9759219512;14.8551117275
8.6995736994;-26.8528709036;-1927.4388995122;15.6936305575
8.7118786127;-26.3217490413;-1927.5932253659;15.5538774191
8.7241835260;-26.4987896621;-1929.7537873171;14.5756054509
8.7364884393;-25.7906271790;-1927.2845736585;14.8551117275
8.7487933526;-25.6135865582;-1928.0562029268;14.7153585892
8.7610982659;-25.2595053167;-1929.1364839024;15.4141242808
8.7734031792;-24.7283834544;-1930.2167648781;12.4793083761
8.7857080925;-24.5513428336;-1929.9081131707;15.8333836958
8.7980130058;-23.4890991090;-1932.2230009756;13.5973334826
8.8103179191;-23.4890991090;-1930.9883941463;14.1563460359
8.8226228324;-23.1350178674;-1932.2230009756;13.7370866210
8.8349277457;-22.0727741428;-1933.6119336585;10.5227644396
8.8472326590;-21.8957335221;-1933.1489560976;11.6407895462
8.8595375723;-21.3646116597;-1932.5316526829;13.1780740677
8.8718424855;-21.1875710390;-1933.1489560976;13.3178272060
8.8841473988;-20.4794085559;-1934.0749112195;14.4358523126
8.8964523121;-19.7712460728;-1933.9205853659;11.5010364078
8.9087572254;-20.3023679351;-1934.0749112195;12.8985677910
8.9210621387;-20.1253273144;-1934.8465404878;12.0600489611
8.9333670520;-19.4171648313;-1934.2292370732;12.7588146527
8.9456719653;-19.5942054520;-1934.6922146341;13.1780740677
8.9579768786;-19.4171648313;-1935.1551921951;11.2215301312
8.9702817919;-20.8334897974;-1935.0008663415;12.1998020994
8.9825867052;-19.5942054520;-1936.0811473171;11.5010364078
8.9948916185;-19.9482866936;-1935.4638439024;12.1998020994
9.0071965318;-19.9482866936;-1934.0749112195;14.9948648659
9.0195014451;-19.4171648313;-1935.6181697561;9.9637518863
9.0318063584;-20.3023679351;-1935.6181697561;9.4047393330
9.0441112717;-20.4794085559;-1935.7724956098;10.6625175779
9.0564161850;-21.5416522805;-1935.9268214634;7.7277016732
9.0687210983;-21.5416522805;-1936.3897990244;9.6842456097
9.0810260116;-22.4268553844;-1938.2417092683;9.9637518863
9.0933309249;-22.0727741428;-1936.0811473171;6.7494297049
9.1056358382;-23.6661397298;-1937.0071024390;8.4264673648
9.1179407514;-24.3743022128;-1936.2354731707;7.7277016732
9.1302456647;-25.0824646959;-1936.2354731707;8.4264673648
9.1425505780;-25.6135865582;-1936.5441248781;7.1686891199
9.1548554913;-25.9676677998;-1936.8527765854;7.1686891199
9.1671604046;-27.0299115244;-1936.2354731707;6.0506640133
9.1794653179;-27.9151146282;-1935.9268214634;8.0072079498
9.1917702312;-28.8003177321;-1934.2292370732;6.0506640133
9.2040751445;-29.5084802152;-1934.5378887805;6.3301702899
9.2163800578;-30.2166426983;-1932.6859785366;7.8674548115
9.2286849711;-31.6329676644;-1932.2230009756;7.0289359816
9.2409898844;-32.6952113890;-1932.9946302439;5.2121451834
9.2532947977;-33.4033738721;-1933.1489560976;4.5133794918
9.2655997110;-34.6426582175;-1932.5316526829;4.7928857684
9.2779046243;-35.1737800798;-1933.9205853659;0.7400447571
9.2902095376;-35.8819425629;-1933.4576078049;4.9326389067
9.3025144509;-36.9441862875;-1932.0686751220;4.5133794918
9.3148193642;-38.1834706329;-1931.1427200000;0.4605384805
9.3271242775;-39.0686737368;-1931.1427200000;-3.0332899776
9.3394291908;-40.1309174614;-1932.0686751220;-0.7972397644
9.3517341040;-41.1931611860;-1929.9081131707;0.6002916188
9.3640390173;-41.0161205653;-1931.2970458537;-1.6357585944
9.3763439306;-41.9013236691;-1929.5994614634;-2.0550180093
9.3886488439;-42.6094861522;-1928.8278321951;-2.1947711476
9.4009537572;-43.6717298768;-1929.4451356098;-1.6357585944
9.4132586705;-44.5569329807;-1927.7475512195;-1.7755117327
9.4255635838;-44.5569329807;-1927.1302478049;-4.2910682225
9.4378684971;-45.7962173261;-1927.4388995122;-1.4960054560
9.4501734104;-46.6814204299;-1925.1240117073;-0.9369929027
9.4624783237;-46.6814204299;-1926.2042926829;-2.1947711476
9.4747832370;-47.5666235338;-1925.1240117073;-1.3562523177
9.4870881503;-47.5666235338;-1923.8894048781;-1.4960054560
9.4993930636;-48.6288672584;-1924.0437307317;-2.8935368392
9.5116979769;-48.9829484999;-1924.1980565854;-4.0115619458
9.5240028902;-49.6911109830;-1924.9696858537;0.3207853421
9.5363078035;-49.8681516038;-1922.1918204878;-4.7103276374
9.5486127168;-49.5140703622;-1922.3461463415;-3.8718088075
9.5609176301;-49.8681516038;-1924.1980565854;-4.5705744991
9.5732225434;-50.5763140869;-1922.6547980488;-2.3345242860
9.5855274566;-50.7533547076;-1923.1177756098;-5.5488464673
9.5978323699;-50.3992734661;-1922.1918204878;-5.2693401907
9.6101372832;-51.1074359492;-1922.6547980488;-4.4308213608
9.6224421965;-50.5763140869;-1921.2658653659;-5.5488464673
9.6347471098;-50.7533547076;-1920.6485619512;-6.1078590206
9.6470520231;-50.9303953284;-1921.4201912195;-4.9898339141
9.6593569364;-51.2844765699;-1922.1918204878;-4.4308213608
9.6716618497;-50.5763140869;-1922.1918204878;-4.4308213608
9.6839667630;-50.5763140869;-1921.4201912195;-5.6885996057
9.6962716763;-50.2222328453;-1922.5004721951;-4.1513150841
9.7085765896;-50.9303953284;-1921.7288429268;-4.5705744991
9.7208815029;-50.9303953284;-1921.4201912195;-4.1513150841
9.7331864162;-50.7533547076;-1922.3461463415;-4.4308213608
9.7454913295;-50.5763140869;-1921.7288429268;-3.0332899776
9.7577962428;-50.2222328453;-1921.4201912195;-1.7755117327
9.7701011561;-50.3992734661;-1921.5745170732;-4.0115619458
9.7824060694;-49.6911109830;-1922.6547980488;-4.5705744991
9.7947109827;-50.0451922245;-1923.5807531707;-3.0332899776
9.8070158960;-50.0451922245;-1924.0437307317;-4.1513150841
9.8193208092;-48.9829484999;-1923.4264273171;-3.7320556692
9.8316257225;-48.2747860168;-1925.2783375610;-1.7755117327
9.8439306358;-48.2747860168;-1925.2783375610;-1.7755117327
9.8562355491;-48.0977453961;-1923.8894048781;-0.7972397644
9.8685404624;-48.2747860168;-1925.1240117073;-4.2910682225
9.8808453757;-47.2125422922;-1926.9759219512;-2.3345242860
9.8931502890;-46.6814204299;-1926.5129443902;-2.8935368392
9.9054552023;-46.1502985676;-1926.3586185366;-2.6140305626
9.9177601156;-46.1502985676;-1926.3586185366;-1.7755117327
9.9300650289;-45.4421360845;-1926.0499668293;-0.2382272111
9.9423699422;-44.5569329807;-1927.2845736585;0.0412790655
9.9546748555;-44.0258111184;-1928.5191804878;-0.5177334878
9.9669797688;-43.4946892560;-1928.2105287805;-1.6357585944
9.9792846821;-42.6094861522;-1929.1364839024;-2.7537837009
9.9915895954;-42.4324455314;-1928.6735063415;0.6002916188
10.0038945087;-42.2554049107;-1928.9821580488;0.0412790655
10.0161994220;-42.0783642899;-1929.4451356098;-0.5177334878
10.0285043353;-41.0161205653;-1929.9081131707;-1.4960054560
10.0408092486;-39.9538768406;-1930.3710907317;0.1810322038
10.0531141618;-39.5997955991;-1930.2167648781;2.1375761403
10.0654190751;-38.7145924952;-1932.6859785366;-0.3779803495
10.0777239884;-37.8293893914;-1931.4513717073;-1.3562523177
10.0900289017;-37.4753081498;-1932.9946302439;0.0412790655
10.1023338150;-37.6523487706;-1932.8403043902;-0.0984740728
10.1146387283;-37.6523487706;-1932.2230009756;0.3207853421
10.1269436416;-36.0589831837;-1933.4576078049;1.4388104487
10.1392485549;-36.7671456668;-1933.6119336585;2.1375761403
10.1515534682;-36.2360238045;-1935.6181697561;0.1810322038
10.1638583815;-36.2360238045;-1933.6119336585;2.2773292786
10.1761632948;-36.2360238045;-1932.5316526829;0.1810322038
10.1884682081;-35.8819425629;-1933.1489560976;0.0412790655
10.2007731214;-35.5278613214;-1934.8465404878;1.2990573104
10.2130780347;-36.0589831837;-1933.6119336585;0.7400447571
10.2253829480;-36.5901050460;-1933.1489560976;-0.3779803495
10.2376878613;-36.2360238045;-1933.9205853659;-0.9369929027
10.2499927746;-36.4130644252;-1933.9205853659;-0.2382272111
10.2622976879;-36.7671456668;-1935.0008663415;-1.0767460411
10.2746026012;-36.5901050460;-1934.0749112195;-1.7755117327
10.2869075145;-36.7671456668;-1933.1489560976;-2.4742774243
10.2992124277;-37.6523487706;-1934.5378887805;-2.8935368392
10.3115173410;-38.5375518745;-1934.6922146341;-2.4742774243
10.3238222543;-37.6523487706;-1934.5378887805;-5.1295870524
10.3361271676;-37.4753081498;-1935.3095180488;-5.8283527440
10.3484320809;-39.2457143576;-1933.6119336585;-5.4090933290
10.3607369942;-39.0686737368;-1933.6119336585;-6.3873652973
10.3730419075;-39.0686737368;-1934.5378887805;-7.0861309889
10.3853468208;-39.2457143576;-1934.2292370732;-7.3656372655
10.3976517341;-40.3079580822;-1934.8465404878;-9.1824280637
10.4099566474;-41.0161205653;-1933.6119336585;-9.4619343403
10.4222615607;-40.4849987029;-1933.4576078049;-9.4619343403
10.4345664740;-41.3702018068;-1932.3773268293;-8.0644029571
10.4468713873;-42.6094861522;-1931.4513717073;-10.0209468936
10.4591763006;-43.4946892560;-1931.1427200000;-11.5582314152
10.4714812139;-43.4946892560;-1931.1427200000;-11.5582314152
10.4837861272;-44.5569329807;-1930.0624390244;-9.8811937553
10.4960910405;-44.9110142222;-1930.5254165854;-12.9557627984
10.5083959538;-45.0880548430;-1929.4451356098;-12.3967502451
10.5207008671;-45.4421360845;-1928.3648546341;-13.6545284900
10.5330057803;-45.4421360845;-1928.6735063415;-14.9123067349
10.5453106936;-45.9732579468;-1928.6735063415;-11.9774908301
10.5576156069;-47.5666235338;-1927.2845736585;-13.7942816283
10.5699205202;-47.3895829130;-1928.2105287805;-14.3532941816
10.5822254335;-46.8584610507;-1926.6672702439;-16.8688506714
10.5945303468;-48.6288672584;-1926.3586185366;-16.7290975330
10.6068352601;-48.2747860168;-1925.4326634146;-15.1918130115
10.6191401734;-48.9829484999;-1924.6610341463;-16.7290975330
10.6314450867;-49.5140703622;-1925.1240117073;-16.4495912564
10.6437500000;-50.2222328453;-1924.3523824390;-16.3098381181
10.6560549133;-50.3992734661;-1924.3523824390;-18.2663820546
10.6683598266;-50.5763140869;-1924.0437307317;-17.5676163630
10.6806647399;-51.2844765699;-1923.4264273171;-16.4495912564
10.6929696532;-51.6385578115;-1922.9634497561;-15.8905787031
10.7052745665;-51.2844765699;-1922.8091239024;-16.1700849798
10.7175794798;-51.2844765699;-1922.0374946341;-17.9868757779
10.7298843931;-53.2319233984;-1922.3461463415;-16.7290975330
10.7421893064;-52.8778421569;-1920.6485619512;-17.9868757779
10.7544942197;-53.0548827776;-1920.9572136585;-17.0086038097
10.7667991329;-52.5237609153;-1920.6485619512;-14.9123067349
10.7791040462;-53.4089640192;-1920.4942360976;-18.2663820546
10.7914089595;-53.7630452607;-1920.9572136585;-17.8471226396
10.8037138728;-52.8778421569;-1921.7288429268;-16.4495912564
10.8160187861;-53.2319233984;-1919.1053034146;-19.5241602995
10.8283236994;-53.2319233984;-1918.6423258537;-16.8688506714
10.8406286127;-52.5237609153;-1920.6485619512;-17.4278632246
10.8529335260;-53.0548827776;-1920.4942360976;-16.3098381181
10.8652384393;-53.4089640192;-1919.5682809756;-16.7290975330
10.8775433526;-53.0548827776;-1919.8769326829;-16.8688506714
10.8898482659;-53.0548827776;-1920.6485619512;-17.4278632246
10.9021531792;-53.2319233984;-1919.7226068293;-15.8905787031
10.9144580925;-53.0548827776;-1920.8028878049;-14.2135410433
10.9267630058;-53.0548827776;-1920.9572136585;-14.9123067349
10.9390679191;-52.5237609153;-1920.9572136585;-14.7725535965
10.9513728324;-52.5237609153;-1922.0374946341;-15.6110724265
10.9636777457;-51.4615171907;-1921.2658653659;-14.3532941816
10.9759826590;-51.9926390530;-1921.7288429268;-14.2135410433
10.9882875723;-51.6385578115;-1921.8831687805;-13.0955159367
11.0005924855;-51.1074359492;-1922.1918204878;-12.1172439684
11.0128973988;-50.7533547076;-1923.1177756098;-12.8160096600
11.0252023121;-50.3992734661;-1922.9634497561;-10.4402063086
11.0375072254;-51.1074359492;-1923.2721014634;-12.3967502451
11.0498121387;-49.8681516038;-1925.2783375610;-12.8160096600
11.0621170520;-49.1599891207;-1924.6610341463;-11.1389720002
11.0744219653;-49.5140703622;-1925.4326634146;-11.1389720002
11.0867268786;-48.8059078792;-1925.2783375610;-10.0209468936
11.0990317919;-47.9207047753;-1925.7413151220;-10.7197125852
11.1113367052;-47.9207047753;-1926.5129443902;-8.2041560954
11.1236416185;-48.6288672584;-1925.7413151220;-11.1389720002
11.1359465318;-47.3895829130;-1926.0499668293;-8.7631686487
11.1482514451;-46.8584610507;-1927.1302478049;-7.3656372655
11.1605563584;-45.4421360845;-1927.4388995122;-7.3656372655
11.1728612717;-45.4421360845;-1928.0562029268;-5.5488464673
11.1851661850;-45.0880548430;-1928.3648546341;-4.2910682225
11.1974710983;-44.5569329807;-1929.1364839024;-8.0644029571
11.2097760116;-44.0258111184;-1930.3710907317;-6.8066247122
11.2220809249;-43.4946892560;-1929.2908097561;-4.8500807757
11.2343858382;-42.6094861522;-1930.9883941463;-5.1295870524
11.2466907514;-42.4324455314;-1930.5254165854;-5.1295870524
11.2589956647;-42.0783642899;-1931.1427200000;-6.6668715739
11.2713005780;-41.3702018068;-1930.9883941463;-5.2693401907
11.2836054913;-40.8390799445;-1931.7600234146;-8.4836623721
11.2959104046;-40.8390799445;-1932.8403043902;-5.8283527440
11.3082153179;-39.9538768406;-1932.9946302439;-6.1078590206
11.3205202312;-39.9538768406;-1932.3773268293;-5.8283527440
11.3328251445;-38.8916331160;-1933.4576078049;-3.7320556692
11.3451300578;-39.4227549783;-1932.6859785366;-6.5271184356
11.3574349711;-38.7145924952;-1932.6859785366;-4.4308213608
11.3697398844;-38.3605112537;-1933.9205853659;-6.8066247122
11.3820447977;-38.1834706329;-1933.1489560976;-7.2258841272
11.3943497110;-38.1834706329;-1934.2292370732;-6.6668715739
11.4066546243;-38.1834706329;-1935.0008663415;-3.5923025309
11.4189595376;-39.0686737368;-1934.2292370732;-5.5488464673
11.4312644509;-38.0064300122;-1933.9205853659;-6.2476121590
11.4435693642;-38.3605112537;-1935.7724956098;-5.2693401907
11.4558742775;-38.1834706329;-1935.3095180488;-6.3873652973
11.4681791908;-38.8916331160;-1934.5378887805;-5.5488464673
11.4804841040;-38.0064300122;-1936.5441248781;-5.4090933290
11.4927890173;-39.0686737368;-1935.0008663415;-7.5053904038
11.5050939306;-39.0686737368;-1935.3095180488;-8.2041560954
11.5173988439;-39.2457143576;-1934.8465404878;-8.0644029571
11.5297037572;-40.1309174614;-1936.2354731707;-8.4836623721
11.5420086705;-39.7768362199;-1934.6922146341;-8.6234155104
11.5543135838;-39.5997955991;-1935.4638439024;-12.3967502451
11.5666184971;-40.1309174614;-1933.7662595122;-12.2569971068
11.5789234104;-41.1931611860;-1933.9205853659;-14.3532941816
11.5912283237;-41.3702018068;-1932.3773268293;-12.9557627984
11.6035332370;-43.8487704976;-1931.4513717073;-14.9123067349
11.6158381503;-43.8487704976;-1931.4513717073;-14.9123067349
11.6281430636;-42.7865267730;-1932.5316526829;-13.7942816283
11.6404479769;-43.4946892560;-1930.2167648781;-13.6545284900
11.6527528902;-44.2028517391;-1930.3710907317;-14.7725535965
11.6650578035;-44.9110142222;-1929.5994614634;-13.5147753516
11.6773627168;-45.6191767053;-1928.6735063415;-13.3750222133
11.6896676301;-46.3273391884;-1929.2908097561;-15.7508255648
11.7019725434;-47.2125422922;-1928.8278321951;-15.6110724265
11.7142774566;-46.6814204299;-1928.0562029268;-15.3315661498
11.7265823699;-46.8584610507;-1927.2845736585;-17.5676163630
11.7388872832;-47.3895829130;-1927.2845736585;-16.4495912564
11.7511921965;-47.5666235338;-1926.9759219512;-14.9123067349
11.7634971098;-48.6288672584;-1925.7413151220;-19.2446540228
11.7758020231;-49.5140703622;-1924.6610341463;-17.9868757779
11.7881069364;-50.5763140869;-1923.8894048781;-16.3098381181
11.8004118497;-51.1074359492;-1922.9634497561;-17.1483569480
11.8127167630;-50.5763140869;-1923.4264273171;-20.5024322677
11.8250216763;-51.1074359492;-1923.8894048781;-18.1266289162
11.8373265896;-50.7533547076;-1922.5004721951;-20.6421854060
11.8496315029;-51.2844765699;-1922.1918204878;-18.8253946079
11.8619364162;-52.1696796738;-1921.7288429268;-19.6639134378
11.8742413295;-53.0548827776;-1921.7288429268;-16.1700849798
11.8865462428;-52.5237609153;-1920.9572136585;-16.7290975330
11.8988511561;-52.8778421569;-1919.7226068293;-17.5676163630
11.9111560694;-53.4089640192;-1920.8028878049;-16.5893443947
11.9234609827;-52.8778421569;-1920.4942360976;-15.8905787031
11.9357658960;-53.0548827776;-1919.5682809756;-17.1483569480
11.9480708092;-53.5860046400;-1918.6423258537;-14.6328004582
11.9603757225;-54.1171265023;-1919.2596292683;-17.4278632246
11.9726806358;-53.2319233984;-1919.1053034146;-15.6110724265
11.9849855491;-53.5860046400;-1919.1053034146;-15.6110724265
11.9972904624;-53.4089640192;-1920.3399102439;-17.2881100863
12.0095953757;-53.2319233984;-1918.4880000000;-15.4713192881
12.0219002890;-53.4089640192;-1919.5682809756;-12.2569971068
12.0342052023;-52.7008015361;-1919.1053034146;-14.9123067349
12.0465101156;-53.4089640192;-1917.5620448781;-15.3315661498
12.0588150289;-53.2319233984;-1919.8769326829;-14.4930473199
12.0711199422;-52.3467202946;-1920.1855843902;-12.3967502451
12.0834248555;-53.2319233984;-1919.2596292683;-13.5147753516
12.0957297688;-52.8778421569;-1920.1855843902;-12.8160096600
12.1080346821;-52.8778421569;-1920.8028878049;-13.2352690750
12.1203395954;-51.4615171907;-1920.9572136585;-12.5365033834
12.1326445087;-51.2844765699;-1921.7288429268;-10.9992188619
12.1449494220;-51.4615171907;-1921.1115395122;-12.1172439684
12.1572543353;-50.9303953284;-1921.8831687805;-9.6016874787
12.1695592486;-50.0451922245;-1921.2658653659;-10.1607000319
12.1818641618;-49.6911109830;-1922.9634497561;-9.8811937553
12.1941690751;-49.6911109830;-1923.1177756098;-9.0426749254
12.2064739884;-48.9829484999;-1922.9634497561;-8.2041560954
12.2187789017;-48.9829484999;-1923.5807531707;-7.9246498188
12.2310838150;-48.6288672584;-1923.8894048781;-9.4619343403
12.2433887283;-47.5666235338;-1925.7413151220;-7.3656372655
12.2556936416;-47.0355016715;-1926.5129443902;-7.7848966805
12.2679985549;-46.8584610507;-1927.9018770732;-4.2910682225
12.2803034682;-46.3273391884;-1927.5932253659;-4.9898339141
12.2926083815;-45.4421360845;-1928.8278321951;-6.3873652973
12.3049132948;-44.9110142222;-1928.0562029268;-5.9681058823
12.3172182081;-44.7339736014;-1930.0624390244;-4.0115619458
12.3295231214;-42.7865267730;-1929.4451356098;-4.4308213608
12.3418280347;-42.6094861522;-1930.0624390244;-4.4308213608
12.3541329480;-41.9013236691;-1930.0624390244;-3.1730431159
12.3664378613;-40.3079580822;-1930.9883941463;-3.8718088075
12.3787427746;-40.1309174614;-1930.2167648781;-2.4742774243
12.3910476879;-39.9538768406;-1931.4513717073;-1.4960054560
12.4033526012;-37.8293893914;-1931.9143492683;-0.9369929027
12.4156575145;-38.1834706329;-1932.3773268293;-2.1947711476
12.4279624277;-37.6523487706;-1930.9883941463;-0.9369929027
12.4402673410;-37.1212269083;-1934.2292370732;-1.9152648710
12.4525722543;-37.1212269083;-1932.9946302439;0.4605384805
12.4648771676;-36.5901050460;-1932.9946302439;0.1810322038
12.4771820809;-36.4130644252;-1934.0749112195;0.1810322038
12.4894869942;-35.8819425629;-1933.9205853659;0.4605384805
12.5017919075;-34.6426582175;-1933.6119336585;-1.4960054560
12.5140968208;-34.9967394591;-1934.5378887805;-3.0332899776
12.5264017341;-34.4656175968;-1935.6181697561;-0.3779803495
12.5387066474;-34.1115363552;-1935.3095180488;-2.1947711476
12.5510115607;-34.4656175968;-1935.7724956098;-1.4960054560
12.5633164740;-33.4033738721;-1934.8465404878;-0.5177334878
12.5756213873;-34.1115363552;-1935.6181697561;-0.9369929027
12.5879263006;-34.2885769760;-1935.9268214634;-4.5705744991
12.6002312139;-34.2885769760;-1934.3835629268;-0.9369929027
12.6125361272;-34.4656175968;-1935.3095180488;-3.5923025309
12.6248410405;-34.2885769760;-1936.2354731707;-2.4742774243
12.6371459538;-34.6426582175;-1936.6984507317;-2.7537837009
12.6494508671;-34.6426582175;-1936.5441248781;-3.5923025309
12.6617557803;-35.5278613214;-1935.4638439024;-2.1947711476
12.6740606936;-35.7049019421;-1935.4638439024;-3.7320556692
12.6863656069;-36.7671456668;-1934.8465404878;-3.4525493925
12.6986705202;-37.4753081498;-1934.2292370732;-2.8935368392
12.7109754335;-37.2982675291;-1934.0749112195;-3.4525493925
12.7232803468;-37.6523487706;-1933.9205853659;-5.2693401907
12.7355852601;-38.1834706329;-1932.5316526829;-1.4960054560
12.7478901734;-39.0686737368;-1932.3773268293;-5.9681058823
12.7601950867;-39.0686737368;-1930.6797424390;-7.5053904038
12.7725000000;-40.1309174614;-1930.9883941463;-5.8283527440
12.7848049133;-41.1931611860;-1931.9143492683;-5.6885996057
12.7971098266;-42.2554049107;-1931.6056975610;-4.2910682225
12.8094147399;-42.0783642899;-1930.5254165854;-8.0644029571
12.8217196532;-42.9635673937;-1930.2167648781;-6.1078590206
12.8340245665;-42.7865267730;-1930.3710907317;-7.3656372655
12.8463294798;-42.9635673937;-1929.2908097561;-7.9246498188
12.8586343931;-43.4946892560;-1927.5932253659;-8.2041560954
12.8709393064;-44.7339736014;-1927.5932253659;-5.1295870524
12.8832442197;-45.7962173261;-1926.9759219512;-5.6885996057
12.8955491329;-45.9732579468;-1925.5869892683;-6.2476121590
12.9078540462;-47.0355016715;-1926.3586185366;-7.2258841272
12.9201589595;-47.2125422922;-1924.5067082927;-6.9463778506
12.9324638728;-48.4518266376;-1926.2042926829;-7.0861309889
12.9447687861;-48.6288672584;-1924.5067082927;-4.8500807757
12.9570736994;-48.9829484999;-1922.3461463415;-4.9898339141
12.9693786127;-48.6288672584;-1922.3461463415;-8.4836623721
12.9816835260;-49.6911109830;-1921.8831687805;-6.3873652973
12.9939884393;-49.6911109830;-1922.5004721951;-4.0115619458
13.0062933526;-49.8681516038;-1922.6547980488;-4.8500807757
13.0185982659;-49.8681516038;-1922.5004721951;-6.6668715739
13.0309031792;-50.0451922245;-1920.3399102439;-6.6668715739
13.0432080925;-50.5763140869;-1920.1855843902;-4.5705744991
13.0555130058;-51.4615171907;-1920.4942360976;-4.5705744991
13.0678179191;-50.7533547076;-1919.7226068293;-4.0115619458
13.0801228324;-50.7533547076;-1918.3336741463;-4.8500807757
13.0924277457;-50.7533547076;-1919.4139551220;-4.2910682225
13.1047326590;-50.5763140869;-1918.1793482927;-2.8935368392
13.1170375723;-50.3992734661;-1919.5682809756;-2.4742774243
13.1293424855;-50.3992734661;-1918.4880000000;0.1810322038
13.1416473988;-50.0451922245;-1918.9509775610;-1.9152648710
13.1539523121;-50.0451922245;-1918.7966517073;0.8797978954
13.1662572254;-49.8681516038;-1918.1793482927;-0.2382272111
13.1785621387;-50.2222328453;-1919.4139551220;0.4605384805
13.1908670520;-49.1599891207;-1918.1793482927;-1.7755117327
13.2031719653;-48.9829484999;-1918.7966517073;1.4388104487
13.2154768786;-49.3370297415;-1918.6423258537;-0.0984740728
13.2277817919;-47.9207047753;-1918.6423258537;2.2773292786
13.2400867052;-47.9207047753;-1921.1115395122;2.8363418319
13.2523916185;-47.9207047753;-1920.6485619512;1.0195510337
13.2646965318;-46.5043798091;-1920.8028878049;3.3953543852
13.2770014451;-46.3273391884;-1921.5745170732;1.4388104487
13.2893063584;-46.1502985676;-1922.6547980488;5.0723920451
13.3016112717;-45.0880548430;-1923.8894048781;3.1158481086
13.3139161850;-44.7339736014;-1922.9634497561;2.9760949702
13.3262210983;-44.0258111184;-1922.9634497561;4.3736263535
13.3385260116;-43.3176486353;-1924.0437307317;2.9760949702
13.3508309249;-42.9635673937;-1923.4264273171;4.5133794918
13.3631358382;-41.1931611860;-1924.5067082927;5.6314045983
13.3754407514;-40.6620393237;-1923.8894048781;7.7277016732
13.3877456647;-40.1309174614;-1924.9696858537;8.2867142264
13.4000505780;-39.0686737368;-1925.4326634146;8.0072079498
13.4123554913;-37.6523487706;-1926.9759219512;7.4481953965
13.4246604046;-36.7671456668;-1927.7475512195;6.0506640133
13.4369653179;-35.5278613214;-1928.9821580488;7.8674548115
13.4492702312;-34.8196988383;-1929.9081131707;8.1469610881
13.4615751445;-33.0492926306;-1929.5994614634;6.8891828432
13.4738800578;-33.4033738721;-1929.7537873171;7.3084422582
13.4861849711;-32.1640895267;-1931.1427200000;8.4264673648
13.4984898844;-30.9248051813;-1932.5316526829;6.8891828432
13.5107947977;-30.2166426983;-1932.5316526829;9.1252330564
13.5230997110;-29.5084802152;-1932.3773268293;8.0072079498
13.5354046243;-27.9151146282;-1934.2292370732;8.9854799180
13.5477095376;-27.7380740075;-1932.6859785366;8.2867142264
13.5600144509;-26.4987896621;-1935.0008663415;7.1686891199
13.5723193642;-25.9676677998;-1934.6922146341;9.8239987480
13.5846242775;-25.2595053167;-1936.3897990244;6.4699234283
13.5969291908;-24.1972615921;-1935.3095180488;5.3518983217
13.6092341040;-23.6661397298;-1936.0811473171;8.7059736414
13.6215390173;-23.3120584882;-1935.7724956098;10.1035050246
13.6338439306;-22.7809366259;-1936.2354731707;9.4047393330
13.6461488439;-21.7186929013;-1936.2354731707;8.1469610881
13.6584537572;-22.0727741428;-1936.0811473171;9.4047393330
13.6707586705;-21.5416522805;-1937.3157541463;8.0072079498
13.6830635838;-20.3023679351;-1936.5441248781;8.8457267797
13.6953684971;-20.3023679351;-1939.3219902439;8.2867142264
13.7076734104;-20.3023679351;-1938.8590126829;9.8239987480
13.7199783237;-20.1253273144;-1937.4700800000;8.2867142264
13.7322832370;-19.5942054520;-1938.8590126829;8.2867142264
13.7445881503;-20.3023679351;-1939.3219902439;6.8891828432
13.7568930636;-20.8334897974;-1939.6306419512;6.6096765666
13.7691979769;-21.1875710390;-1937.1614282927;7.0289359816
13.7815028902;-21.0105304182;-1937.4700800000;6.3301702899
13.7938078035;-21.3646116597;-1938.3960351220;6.8891828432
13.8061127168;-22.2498147636;-1938.0873834146;5.4916514600
13.8184176301;-23.3120584882;-1936.5441248781;8.0072079498
13.8307225434;-22.7809366259;-1937.3157541463;5.9109108750
13.8430274566;-23.3120584882;-1938.2417092683;4.9326389067
13.8553323699;-24.1972615921;-1937.6244058537;3.3953543852
13.8676372832;-24.7283834544;-1937.0071024390;7.8674548115
13.8799421965;-24.7283834544;-1936.2354731707;6.0506640133
13.8922471098;-25.4365459375;-1935.7724956098;8.7059736414
13.9045520231;-26.3217490413;-1936.6984507317;6.6096765666
13.9168569364;-26.4987896621;-1934.6922146341;8.4264673648
13.9291618497;-27.7380740075;-1933.6119336585;7.4481953965
13.9414667630;-27.2069521452;-1933.7662595122;9.2649861947
13.9537716763;-28.9773583529;-1933.3032819512;7.8674548115
13.9660765896;-28.4462364906;-1932.3773268293;8.8457267797
13.9783815029;-28.4462364906;-1931.9143492683;7.0289359816
13.9906864162;-29.3314395944;-1931.4513717073;8.5662205031
14.0029913295;-29.3314395944;-1932.3773268293;7.5879485348
14.0152962428;-30.5707239398;-1931.1427200000;7.3084422582
14.0276011561;-30.7477645606;-1930.3710907317;9.8239987480
14.0399060694;-31.8100082852;-1929.7537873171;7.8674548115
14.0522109827;-32.1640895267;-1929.7537873171;8.9854799180
14.0645158960;-32.5181707683;-1928.3648546341;10.6625175779
14.0768208092;-31.9870489060;-1928.8278321951;8.7059736414
14.0891257225;-34.1115363552;-1927.2845736585;10.5227644396
14.1014306358;-34.1115363552;-1926.5129443902;10.3830113013
14.1137355491;-34.1115363552;-1925.7413151220;12.7588146527
14.1260404624;-33.5804144929;-1925.5869892683;12.1998020994
14.1383453757;-34.2885769760;-1922.6547980488;10.9420238545
14.1506502890;-33.7574551137;-1923.8894048781;13.5973334826
14.1629552023;-33.5804144929;-1922.0374946341;12.8985677910
14.1752601156;-33.4033738721;-1923.4264273171;12.0600489611
14.1875650289;-33.7574551137;-1922.9634497561;12.7588146527
14.1998699422;-33.0492926306;-1921.4201912195;14.8551117275
14.2121748555;-33.2263332514;-1922.6547980488;16.2526431107
14.2244797688;-33.5804144929;-1920.3399102439;13.4575803443
14.2367846821;-32.6952113890;-1921.7288429268;14.7153585892
14.2490895954;-32.3411301475;-1921.1115395122;16.1128899724
14.2613945087;-33.2263332514;-1918.9509775610;17.7899276323
14.2736994220;-32.6952113890;-1922.3461463415;15.2743711425
14.2860043353;-31.8100082852;-1921.2658653659;17.0911619407
14.2983092486;-30.5707239398;-1920.6485619512;18.2091870472
14.3106141618;-30.0396020775;-1922.1918204878;18.2091870472
14.3229190751;-30.2166426983;-1919.5682809756;18.2091870472
14.3352239884;-28.4462364906;-1921.5745170732;17.2309150790
14.3475289017;-28.0921552490;-1921.7288429268;17.0911619407
14.3598338150;-28.0921552490;-1920.8028878049;19.0477058772
14.3721387283;-27.3839927659;-1920.1855843902;18.9079527388
14.3844436416;-27.0299115244;-1921.1115395122;19.7464715688
14.3967485549;-27.2069521452;-1921.5745170732;17.3706682173
14.4090534682;-26.3217490413;-1922.0374946341;18.4886933239
14.4213583815;-24.7283834544;-1923.8894048781;17.5104213556
14.4336632948;-23.4890991090;-1923.2721014634;19.1874590155
14.4459682081;-22.9579772467;-1924.3523824390;19.0477058772
14.4582731214;-22.9579772467;-1924.6610341463;20.4452372604
14.4705780347;-21.5416522805;-1924.3523824390;20.0259778454
14.4828829480;-21.0105304182;-1925.8956409756;17.0911619407
14.4951878613;-19.0630835897;-1926.0499668293;17.9296807706
14.5074927746;-18.7090023482;-1926.3586185366;19.3272121538
14.5197976879;-17.8237992443;-1927.7475512195;18.4886933239
14.5321026012;-17.1156367613;-1928.6735063415;18.2091870472
14.5444075145;-15.6993117951;-1928.8278321951;17.3706682173
14.5567124277;-15.1681899328;-1930.2167648781;18.4886933239
14.5690173410;-14.4600274497;-1930.0624390244;18.3489401856
14.5813222543;-13.2207431043;-1931.1427200000;16.1128899724
14.5936271676;-13.0437024835;-1930.6797424390;17.5104213556
14.6059320809;-11.4503368966;-1931.4513717073;18.3489401856
14.6182369942;-10.9192150343;-1932.8403043902;19.6067184305
14.6305419075;-8.4406463435;-1932.5316526829;18.3489401856
14.6428468208;-8.4406463435;-1933.6119336585;17.7899276323
14.6551517341;-7.7324838604;-1933.7662595122;17.5104213556
14.6674566474;-6.3161588943;-1935.6181697561;16.9514088024
14.6797615607;-5.7850370319;-1933.7662595122;17.6501744940
14.6920664740;-5.0768745489;-1935.6181697561;13.3178272060
14.7043713873;-4.1916714450;-1936.8527765854;13.0383209294
14.7166763006;-2.0671839958;-1938.3960351220;13.8768397593
14.7289812139;-1.8901433750;-1938.5503609756;13.5973334826
14.7412861272;-1.8901433750;-1938.5503609756;13.5973334826
14.7535910405;-1.1819808919;-1939.7849678049;13.3178272060
14.7658959538;-1.1819808919;-1939.7849678049;13.3178272060
14.7782008671;-0.6508590296;-1939.7849678049;13.4575803443
14.7905057803;-0.6508590296;-1940.7109229268;12.8985677910
14.8028106936;-0.4738184088;-1939.1676643902;11.3612832695
14.8151156069;0.4113846950;-1939.7849678049;10.9420238545
14.8274205202;1.2965877989;-1941.1739004878;10.9420238545
14.8397254335;0.7654659366;-1941.1739004878;11.7805426845
14.8520303468;0.4113846950;-1940.8652487805;11.9202958228
14.8643352601;0.5884253158;-1940.4022712195;12.0600489611
14.8766401734;-0.1197371673;-1941.1739004878;10.9420238545
14.8889450867;0.7654659366;-1940.2479453659;13.0383209294
14.9012500000;0.7654659366;-1940.4022712195;11.6407895462
14.9135549133;0.7654659366;-1939.9392936585;9.6842456097
14.9258598266;-0.1197371673;-1940.5565970732;8.2867142264
14.9381647399;-0.2967777881;-1940.8652487805;10.8022707162
14.9504696532;-0.2967777881;-1940.8652487805;10.8022707162
14.9627745665;-0.4738184088;-1939.6306419512;9.8239987480
14.9750794798;-1.0049402711;-1940.0936195122;8.8457267797
14.9873843931;-1.3590215127;-1941.3282263415;9.6842456097
14.9996893064;-1.7131027542;-1941.0195746341;11.3612832695
15.0119942197;-2.0671839958;-1940.5565970732;11.2215301312
15.0242991329;-3.4835089619;-1939.7849678049;12.6190615144
15.0366040462;-3.3064683412;-1938.2417092683;13.3178272060
15.0489089595;-3.3064683412;-1940.0936195122;12.1998020994
15.0612138728;-3.4835089619;-1938.5503609756;11.2215301312
15.0735187861;-4.1916714450;-1938.3960351220;12.1998020994
15.0858236994;-4.0146308242;-1938.5503609756;14.0165928976
15.0981286127;-5.4309557904;-1937.4700800000;11.5010364078
15.1104335260;-5.4309557904;-1936.3897990244;13.3178272060
15.1227384393;-6.3161588943;-1936.5441248781;12.8985677910
15.1350433526;-5.9620776527;-1936.3897990244;14.5756054509
15.1473482659;-5.9620776527;-1935.6181697561;15.9731368341
15.1596531792;-5.7850370319;-1934.3835629268;18.0694339089
15.1719580925;-6.3161588943;-1932.6859785366;17.0911619407
15.1842630058;-6.8472807566;-1932.8403043902;17.7899276323
15.1965679191;-7.0243213773;-1933.4576078049;19.1874590155
15.2088728324;-7.0243213773;-1932.0686751220;18.3489401856
15.2211777457;-6.8472807566;-1930.8340682927;16.9514088024
15.2334826590;-6.1391182735;-1930.8340682927;18.2091870472
15.2457875723;-6.3161588943;-1930.8340682927;17.7899276323
15.2580924855;-6.4931995150;-1930.8340682927;19.1874590155
15.2703973988;-6.8472807566;-1929.7537873171;20.0259778454
15.2827023121;-6.8472807566;-1930.0624390244;20.7247435370
15.2950072254;-6.3161588943;-1928.9821580488;20.7247435370
15.3073121387;-6.6702401358;-1928.0562029268;21.8427686436
15.3196170520;-5.7850370319;-1926.6672702439;21.4235092286
15.3319219653;-5.0768745489;-1926.6672702439;21.7030155053
15.3442268786;-5.9620776527;-1925.8956409756;23.5198063034
15.3565317919;-5.0768745489;-1925.7413151220;22.9607937502
15.3688367052;-5.0768745489;-1925.5869892683;24.0788188567
15.3811416185;-4.8998339281;-1924.9696858537;21.9825217819
15.3934465318;-4.5457526866;-1924.9696858537;22.6812874735
15.4057514451;-3.4835089619;-1924.0437307317;21.0042498137
15.4180563584;-2.7753464789;-1926.2042926829;23.5198063034
15.4303612717;-2.2442246165;-1924.9696858537;25.1968439633
15.4426661850;-2.0671839958;-1923.8894048781;22.6812874735
15.4549710983;-2.0671839958;-1922.3461463415;24.3583251334
15.4672760116;-1.0049402711;-1924.5067082927;25.3365971016
15.4795809249;-0.4738184088;-1924.5067082927;21.1440029520
15.4918858382;0.0573034535;-1924.3523824390;21.9825217819
15.5041907514;0.5884253158;-1922.5004721951;24.3583251334
15.5164956647;0.4113846950;-1925.7413151220;24.2185719951
15.5288005780;1.8277096612;-1925.2783375610;22.2620280586
15.5411054913;2.0047502819;-1925.2783375610;22.4017811969
15.5534104046;2.8899533858;-1925.2783375610;22.4017811969
15.5657153179;3.4210752481;-1925.8956409756;22.6812874735
15.5780202312;4.3062783520;-1926.2042926829;22.9607937502
15.5903251445;4.4833189727;-1925.5869892683;22.9607937502
15.6026300578;5.5455626974;-1925.8956409756;23.5198063034
15.6149349711;5.1914814558;-1926.0499668293;20.0259778454
15.6272398844;5.3685220766;-1926.6672702439;19.7464715688
15.6395447977;6.4307658012;-1927.5932253659;19.4669652921
15.6518497110;6.9618876635;-1926.8215960976;19.8862247071
15.6641546243;8.2011720089;-1929.1364839024;20.1657309837
15.6764595376;7.6700501466;-1929.7537873171;20.8644966753
15.6887644509;9.0863751128;-1931.1427200000;19.3272121538
15.7010693642;9.6174969751;-1930.2167648781;19.0477058772
15.7133742775;9.7945375958;-1929.7537873171;19.4669652921
15.7256791908;10.8567813205;-1932.9946302439;15.5538774191
15.7379841040;10.6797406997;-1932.5316526829;15.6936305575
15.7502890173;11.5649438035;-1933.9205853659;16.3923962491
15.7625939306;12.2731062866;-1933.1489560976;16.2526431107
15.7748988439;12.8042281489;-1935.6181697561;15.6936305575
15.7872037572;13.8664718736;-1935.6181697561;15.2743711425
15.7995086705;14.2205531151;-1935.6181697561;11.7805426845
15.8118135838;14.7516749774;-1936.5441248781;15.2743711425
15.8241184971;14.3975937359;-1936.0811473171;14.1563460359
15.8364234104;14.9287155982;-1935.7724956098;11.2215301312
15.8487283237;15.2827968397;-1937.9330575610;11.0817769929
15.8610332370;15.4598374605;-1937.7787317073;9.1252330564
15.8733381503;16.5220811851;-1938.2417092683;11.5010364078
15.8856430636;16.8761624267;-1938.7046868293;11.5010364078
15.8979479769;17.0532030474;-1940.5565970732;8.5662205031
15.9102528902;17.2302436682;-1939.3219902439;9.6842456097
15.9225578035;17.7613655305;-1939.7849678049;8.8457267797
15.9348627168;17.5843249097;-1940.0936195122;4.0941200768
15.9471676301;17.4072842890;-1939.9392936585;6.8891828432
15.9594725434;17.0532030474;-1940.5565970732;8.2867142264
15.9717774566;17.0532030474;-1942.2541814634;7.1686891199
15.9840823699;17.4072842890;-1940.8652487805;8.8457267797
15.9963872832;17.0532030474;-1942.0998556098;5.6314045983
16.0086921965;17.0532030474;-1943.4887882927;5.3518983217
16.0209971098;15.9909593228;-1942.4085073171;4.6531326301
16.0333020231;17.0532030474;-1941.9455297561;5.9109108750
16.0456069364;16.8761624267;-1942.2541814634;6.0506640133
16.0579118497;16.1679999436;-1942.7171590244;4.2338732151
16.0702167630;16.3450405644;-1941.9455297561;4.5133794918
16.0825216763;15.6368780813;-1942.8714848781;4.6531326301
16.0948265896;15.2827968397;-1943.0258107317;5.0723920451
16.1071315029;15.8139187020;-1940.7109229268;5.9109108750
16.1194364162;14.9287155982;-1941.9455297561;6.0506640133
16.1317413295;14.9287155982;-1941.3282263415;7.3084422582
16.1440462428;14.3975937359;-1940.8652487805;8.1469610881
16.1563511561;14.9287155982;-1941.7912039024;5.0723920451
16.1686560694;14.9287155982;-1942.0998556098;5.4916514600
16.1809609827;13.6894312528;-1942.5628331707;8.1469610881
16.1932658960;13.5123906320;-1941.7912039024;9.4047393330
16.2055708092;13.6894312528;-1940.7109229268;9.6842456097
16.2178757225;14.2205531151;-1942.2541814634;8.5662205031
16.2301806358;12.9812687697;-1939.7849678049;8.8457267797
16.2424855491;13.5123906320;-1940.8652487805;8.2867142264
16.2547904624;13.5123906320;-1938.8590126829;11.3612832695
16.2670953757;12.8042281489;-1937.7787317073;8.2867142264
16.2794002890;12.9812687697;-1936.8527765854;12.3395552378
16.2917052023;13.1583093905;-1938.0873834146;11.7805426845
16.3040101156;12.8042281489;-1938.8590126829;11.6407895462
16.3163150289;12.6271875282;-1936.8527765854;12.1998020994
16.3286199422;12.8042281489;-1937.3157541463;13.1780740677
16.3409248555;12.8042281489;-1935.3095180488;14.9948648659
16.3532297688;12.6271875282;-1934.6922146341;14.9948648659
16.3655346821;13.5123906320;-1933.4576078049;14.5756054509
16.3778395954;14.0435124943;-1933.6119336585;15.2743711425
16.3901445087;13.6894312528;-1933.3032819512;15.4141242808
16.4024494220;14.2205531151;-1932.2230009756;16.2526431107
16.4147543353;14.3975937359;-1932.5316526829;15.4141242808
16.4270592486;14.3975937359;-1931.7600234146;16.3923962491
16.4393641618;15.2827968397;-1930.3710907317;17.2309150790
16.4516690751;14.3975937359;-1930.2167648781;17.6501744940
16.4639739884;15.2827968397;-1929.9081131707;18.4886933239
16.4762789017;14.5746343566;-1929.5994614634;17.6501744940
16.4885838150;15.1057562190;-1929.2908097561;17.7899276323
16.5008887283;16.3450405644;-1928.8278321951;19.3272121538
16.5131936416;16.8761624267;-1930.0624390244;17.9296807706
16.5254985549;17.2302436682;-1927.2845736585;19.8862247071
16.5378034682;17.0532030474;-1927.5932253659;17.3706682173
16.5501083815;17.5843249097;-1926.6672702439;20.5849903987
16.5624132948;17.7613655305;-1926.3586185366;18.3489401856
16.5747182081;18.4695280136;-1926.8215960976;20.8644966753
16.5870231214;18.1154467721;-1926.3586185366;19.8862247071
16.5993280347;18.6465686344;-1924.6610341463;18.2091870472
16.6116329480;19.0006498759;-1924.6610341463;20.3054841221
16.6239378613;19.7088123590;-1926.0499668293;18.6284464622
16.6362427746;20.0628936005;-1926.5129443902;19.1874590155
16.6485476879;21.3021779459;-1926.2042926829;16.8116556640
16.6608526012;20.4169748421;-1925.7413151220;17.6501744940
16.6731575145;20.4169748421;-1926.0499668293;17.9296807706
16.6854624277;21.4792185667;-1926.3586185366;17.5104213556
16.6977673410;22.3644216705;-1926.5129443902;17.5104213556
16.7100722543;22.1873810498;-1926.3586185366;18.7681996005
16.7223771676;22.5414622913;-1926.6672702439;16.9514088024
16.7346820809;23.2496247744;-1926.3586185366;17.3706682173
16.7469869942;23.7807466367;-1927.2845736585;14.4358523126
16.7592919075;23.7807466367;-1927.1302478049;16.8116556640
16.7715968208;24.1348278782;-1927.4388995122;19.0477058772
16.7839017341;24.1348278782;-1927.4388995122;13.8768397593
16.7962066474;24.6659497406;-1928.0562029268;15.1346180042
16.8085115607;24.3118684990;-1928.3648546341;15.9731368341
16.8208164740;24.6659497406;-1930.3710907317;11.2215301312
16.8331213873;25.9052340860;-1929.9081131707;11.0817769929
16.8454263006;25.7281934652;-1931.6056975610;12.1998020994
16.8577312139;26.2593153275;-1930.3710907317;13.7370866210
16.8700361272;26.0822747067;-1930.9883941463;12.7588146527
16.8823410405;26.6133965690;-1931.6056975610;7.1686891199
16.8946459538;26.9674778106;-1932.5316526829;9.4047393330
16.9069508671;26.4363559483;-1934.2292370732;10.1035050246
16.9192557803;27.1445184313;-1935.3095180488;9.6842456097
16.9315606936;26.6133965690;-1933.6119336585;7.1686891199
16.9438656069;27.3215590521;-1935.1551921951;7.0289359816
16.9561705202;26.9674778106;-1935.9268214634;6.0506640133
16.9684754335;27.4985996729;-1936.3897990244;4.6531326301
16.9807803468;26.7904371898;-1937.7787317073;6.7494297049
16.9930852601;27.4985996729;-1937.6244058537;5.6314045983
17.0053901734;27.4985996729;-1938.0873834146;4.2338732151
17.0176950867;NaN;NaN;NaN