Time (s);Ax (m/s²);Ay (m/s²);Az (m/s²)
0.0099069226;-0.3219739179;8.6947654025;4.4975668453
0.0198138453;-0.2596288626;8.6996017170;4.5456286652
0.0297207679;-0.3219739179;8.6947654025;4.4975668453
0.0396276905;-0.6384949679;8.5109854491;4.5840781211
0.0495346131;-0.6432907414;8.5158217636;4.6273337589
0.0594415358;-0.6289034210;8.5400033365;4.6850079428
0.0693484584;-0.6097203270;8.5496759656;4.7522944906
0.0792553810;-0.5857414596;8.5690212238;4.7619068545
0.0891623037;-0.5233964043;8.5738575384;4.7715192185
0.0990692263;-0.4610513490;8.5738575384;4.7907439464
0.1089761489;-0.3891147467;8.6270569986;4.8099686744
0.1188830716;-0.3027908240;8.5738575384;4.8243872203
0.1287899942;-0.2308542217;8.5496759656;4.7907439464
0.1386969168;-0.1589176194;8.5980391112;4.7522944906
0.1486038394;-0.1397345255;8.6318933131;4.7090388527
0.1585107621;-0.1061641111;8.6270569986;4.6417523049
0.1684176847;-0.1013683376;8.6125480549;4.5552410291
0.1783246073;-0.0965725641;8.6609112005;4.5312101192
0.1882315300;-0.0869810171;8.7286196044;4.4831482994
0.1981384526;-0.0965725641;8.7044380316;4.5023730273
0.2080453752;-0.0773894702;8.6270569986;4.4831482994
0.2179522978;-0.1157556581;8.6560748860;4.5167915733
0.2278592205;-0.1541218459;8.6367296277;4.5600472111
0.2377661431;-0.2260584482;8.5690212238;4.5984966670
0.2476730657;-0.3027908240;8.5158217636;4.6273337589
0.2575799884;-0.4178893876;8.5545122801;4.6753955788
0.2674869110;-0.5042133104;8.5641849093;4.7234573986
0.2773938336;-0.5473752717;8.5593485947;4.7715192185
0.2873007563;-0.5425794982;8.5835301675;4.8243872203
0.2972076789;-0.5329879513;8.6173843695;4.8436119483
0.3071146015;-0.5042133104;8.6464022568;4.8195810383
0.3170215241;-0.4610513490;8.5835301675;4.8003563104
0.3269284468;-0.4562555755;8.5593485947;4.7378759446
0.3368353694;-0.4370724816;8.5641849093;4.6513646689
0.3467422920;-0.4274809346;8.5593485947;4.5888843030
0.3566492147;-0.3987062937;8.4916401908;4.5264039372
0.3665561373;-0.3891147467;8.5061491345;4.5071792093
0.3764630599;-0.3219739179;8.5835301675;4.4975668453
0.3863699825;-0.2884035035;8.6318933131;4.5312101192
0.3962769052;-0.2500373156;8.6173843695;4.5744657571
0.4061838278;-0.2116711278;8.6947654025;4.5984966670
0.4160907504;-0.1876922603;8.7528011772;4.6561708508
0.4259976731;-0.1781007134;8.6802564588;4.6705893968
0.4359045957;-0.2020795808;8.6222206840;4.7234573986
0.4458115183;-0.2212626747;8.5738575384;4.7522944906
0.4557184410;-0.2500373156;8.5738575384;4.7955501284
0.4656253636;-0.2740161831;8.5690212238;4.8003563104
0.4755322862;-0.3027908240;8.5013128200;4.7715192185
0.4854392088;-0.3027908240;8.5061491345;4.7474883086
0.4953461315;-0.3507485588;8.5641849093;4.7522944906
0.5052530541;-0.3363612384;8.5883664821;4.7330697626
0.5151599767;-0.3699316528;8.5641849093;4.6946203067
0.5250668994;-0.3651358793;8.5883664821;4.6802017608
0.5349738220;-0.3603401058;8.6512385714;4.6465584869
0.5448807446;-0.3459527853;8.6609112005;4.5888843030
0.5547876672;-0.3267696914;8.6270569986;4.5408224832
0.5646945899;-0.3075865975;8.5980391112;4.5408224832
0.5746015125;-0.2979950505;8.6173843695;4.5215977552
0.5845084351;-0.2836077300;8.6222206840;4.4879544813
0.5944153578;-0.2931992770;8.5980391112;4.5456286652
0.6043222804;-0.2931992770;8.5400033365;4.5552410291
0.6142292030;-0.3027908240;8.5545122801;4.6081090310
0.6241361257;-0.2931992770;8.6270569986;4.6465584869
0.6340430483;-0.2788119566;8.6077117403;4.6946203067
0.6439499709;-0.2692204096;8.5932027966;4.7138450347
0.6538568935;-0.2548330891;8.6512385714;4.7715192185
0.6637638162;-0.2740161831;8.6947654025;4.8003563104
0.6736707388;-0.2884035035;8.6173843695;4.7715192185
0.6835776614;-0.2788119566;8.5835301675;4.7811315825
0.6934845841;-0.2788119566;8.5932027966;4.7667130365
0.7033915067;-0.3027908240;8.5545122801;4.7330697626
0.7132984293;-0.2979950505;8.5400033365;4.6994264887
0.7232053519;-0.3123823709;8.5496759656;4.6898141247
0.7331122746;-0.3459527853;8.5303307073;4.6369461229
0.7430191972;-0.3747274263;8.5738575384;4.5888843030
0.7529261198;-0.4130936141;8.6222206840;4.6225275769
0.7628330425;-0.4178893876;8.6173843695;4.6321399409
0.7727399651;-0.4274809346;8.6028754258;4.6129152130
0.7826468877;-0.3987062937;8.6222206840;4.6561708508
0.7925538104;-0.4035020672;8.6415659423;4.6609770328
0.8024607330;-0.4130936141;8.6125480549;4.6465584869
0.8123676556;-0.4178893876;8.6028754258;4.6609770328
0.8222745782;-0.3987062937;8.6028754258;4.6898141247
0.8321815009;-0.4082978407;8.6028754258;4.6609770328
0.8420884235;-0.3747274263;8.5835301675;4.6513646689
0.8519953461;-0.3891147467;8.6173843695;4.6802017608
0.8619022688;-0.3699316528;8.5835301675;4.6898141247
0.8718091914;-0.3267696914;8.5641849093;4.6657832148
0.8817161140;-0.3075865975;8.6077117403;4.6753955788
0.8916230366;-0.3123823709;8.6464022568;4.6465584869
0.9015299593;-0.3219739179;8.6125480549;4.6369461229
0.9114368819;-0.3267696914;8.6512385714;4.6033028490
0.9213438045;-0.2692204096;8.6899290879;4.5744657571
0.9312507272;-0.2356499952;8.5496759656;4.4639235714
0.9411576498;-0.2068753543;8.5496759656;4.6033028490
0.9510645724;-0.1205514315;8.4868038763;4.6513646689
0.9609714951;-0.0342275088;8.4384407306;4.6946203067
0.9708784177;0.0616879609;8.5061491345;4.6994264887
0.9807853403;0.1144414692;8.5206580782;4.7907439464
0.9906922629;0.1719907511;8.4868038763;4.7619068545
1.0005991856;0.1671949776;8.5351670219;4.7955501284
1.0105061082;0.1432161101;8.5932027966;4.8003563104
1.0204130308;0.1288287897;8.6318933131;4.8147748564
1.0303199535;0.0808710548;8.6367296277;4.8724490402
1.0402268761;0.0377090935;8.6512385714;4.9157046781
1.0501337987;-0.0150444149;8.6318933131;4.9157046781
1.0600407213;-0.1013683376;8.6173843695;4.9060923141
1.0699476440;-0.2020795808;8.6125480549;4.8868675861
1.0798545666;-0.3219739179;8.5835301675;4.8339995843
1.0897614892;-0.4274809346;8.5013128200;4.7907439464
1.0996684119;-0.5617625922;8.5158217636;4.7522944906
1.1095753345;-0.6720653823;8.5206580782;4.7571006725
1.1194822571;-0.7727766255;8.5158217636;4.7715192185
1.1293891798;-0.9118540566;8.4336044161;4.7667130365
1.1392961024;-1.0077695263;8.4190954724;4.7859377644
1.1492030250;-1.0605230346;8.4674586180;4.8243872203
1.1591099476;-1.1036849960;8.4432770452;4.7955501284
1.1690168703;-1.0797061286;8.4964765054;4.7571006725
1.1789237929;-1.0365441672;8.5351670219;4.7619068545
1.1888307155;-0.9262413771;8.5158217636;4.6994264887
1.1987376382;-0.8063470399;8.5206580782;4.6850079428
1.2086445608;-0.6912484763;8.5496759656;4.6657832148
1.2185514834;-0.5665583657;8.5303307073;4.6225275769
1.2284584061;-0.4370724816;8.4868038763;4.6081090310
1.2383653287;-0.2884035035;8.4964765054;4.6129152130
1.2482722513;-0.1493260725;8.5786938530;4.6321399409
1.2581791739;0.0041386791;8.6125480549;4.6898141247
1.2680860966;0.1432161101;8.6415659423;4.7234573986
1.2779930192;0.2679062208;8.6560748860;4.7907439464
1.2878999418;0.3782090109;8.7141106607;4.7907439464
1.2978068645;0.4597371602;8.6996017170;4.8243872203
1.3077137871;0.4789202541;8.6464022568;4.8147748564
1.3176207097;0.4885118011;8.6512385714;4.8147748564
1.3275276323;0.4597371602;8.6754201442;4.7186512167
1.3374345550;0.3830047844;8.7092743462;4.6609770328
1.3473414776;0.2535189003;8.5013128200;4.7474883086
1.3572484002;0.0952583753;8.3852412704;4.6753955788
1.3671553229;-0.0390232823;8.5883664821;4.6465584869
1.3770622455;-0.1781007134;8.6657475151;4.5792719391
1.3869691681;-0.2884035035;8.4722949326;4.6369461229
1.3968760908;-0.3027908240;8.4916401908;4.4302802975
1.4067830134;-0.3315654649;9.1445426568;4.0698166486
1.4166899360;-0.2500373156;10.5809280820;3.9496620990
1.4265968586;-0.1781007134;9.0042895345;3.2287348011
1.4365037813;-0.1109598846;7.2051805171;2.3588158618
1.4464107039;-0.1685091664;6.8859837560;2.0800573066
1.4563176265;-0.2740161831;8.1917886879;2.2819169500
1.4662245492;-0.3363612384;9.2364326335;2.2098242202
1.4761314718;-0.3459527853;8.9172358724;1.6234700180
1.4860383944;-0.3363612384;8.0853897675;0.9217674481
1.4959453170;-0.3267696914;8.6705838297;0.4219245216
1.5058522397;-0.3747274263;10.3052581519;-0.1692358626
1.5157591623;-0.3603401058;11.4127741868;-0.8036518847
1.5256660849;-0.2452415422;10.9968511344;-1.3083009932
1.5355730076;-0.1301429785;9.7394093480;-1.3996184509
1.5454799302;-0.0869810171;9.1542152859;-1.5534162745
1.5553868528;0.0616879609;9.5072662490;-1.7264388260
1.5652937755;0.1192372427;9.9280256160;-1.7312450079
1.5752006981;0.1671949776;9.7103914607;-1.4957420907
1.5851076207;0.1863780715;9.5459567655;-1.1641155336
1.5950145433;0.2199484859;10.2472223771;-0.7700086108
1.6049214660;0.2007653920;11.4272831305;-0.2990027763
1.6148283886;0.2007653920;12.2010934606;0.3498317918
1.6247353112;0.1576034306;12.0269861363;1.0419219977
1.6346422339;0.0856668283;11.2386668625;1.5609896522
1.6445491565;0.0089344526;10.6196185985;1.9695151209
1.6544560791;-0.1109598846;10.3778028703;2.2674984040
1.6643630017;0.0041386791;10.1069692548;2.4212962276
1.6742699244;-0.1589176194;9.7587546063;2.4933889573
1.6841768470;-0.1924880338;9.4879209908;2.3828467717
1.6940837696;-0.2788119566;9.6910462024;2.2819169500
1.7039906923;-0.3699316528;10.3294397247;2.0800573066
1.7138976149;-0.4514598020;10.8904522140;1.7099812937
1.7238045375;-0.4322767081;11.0645595383;1.0803714536
1.7337114602;-0.4178893876;11.0258690218;0.3882812477
1.7436183828;-0.3267696914;10.9823421907;-0.3230336862
1.7535253054;-0.2068753543;10.9436516742;-1.0055115281
1.7634322280;-0.0821852437;10.7211812043;-1.5245791826
1.7733391507;-0.0198401884;10.3729665558;-1.7937253738
1.7832460733;0.1480118836;10.1408234568;-2.0724839289
1.7931529959;0.2199484859;10.0827876820;-2.2791497543
1.8030599186;0.2870893147;10.3536212975;-2.3368239381
1.8129668412;0.3590259170;10.5422375655;-2.2358941164
1.8228737638;0.2966808617;7.6501214569;-1.5726410024
1.8327806864;0.5076948950;10.1069692548;-1.7504697359
1.8426876091;0.6755469670;13.0861390256;-1.7408573719
1.8525945317;0.6899342875;13.1151569129;-1.1545031697
1.8625014543;0.4501456132;9.8893350995;-0.3614831421
1.8724083770;0.3782090109;8.4239317869;0.1239412385
1.8823152996;0.3158639556;9.1058521403;0.6333965289
1.8922222222;0.2870893147;10.8904522140;1.2966496429
1.9021291449;0.1719907511;11.0016874490;1.7436245676
1.9120360675;0.0281175465;9.4395578451;1.7532369316
1.9219429901;-0.0821852437;7.7661930064;1.3975794646
1.9318499127;-0.1109598846;7.7081572316;1.5369587422
1.9417568354;-0.1924880338;9.0381437364;1.6667256558
1.9516637580;-0.2931992770;9.8844987849;1.5898267441
1.9615706806;-0.2931992770;9.4057036432;1.1236270915
1.9714776033;-0.2596288626;8.4094228433;0.5949470731
1.9813845259;-0.2356499952;8.6996017170;0.1335536024
1.9912914485;-0.2404457687;9.6233377985;-0.3566769601
2.0011983711;-0.1733049399;10.3149307810;-0.9478373443
2.0111052938;-0.0917767906;9.5991562257;-1.3419442671
2.0210122164;-0.0486148293;8.9462537597;-1.3131071752
2.0309191390;0.1336245632;8.8785453559;-2.0100035631
2.0408260617;0.2822935412;9.6088288548;-2.3175992102
2.0507329843;0.3878005579;9.7587546063;-2.4858155797
2.0606399069;0.5172864420;9.3283226102;-2.3560486661
2.0705468296;0.5844272708;8.8785453559;-2.1589952047
2.0804537522;0.6899342875;9.3331589248;-2.0965148388
2.0903606748;0.7954413041;10.0634424238;-1.9427170153
2.1002675974;0.8386032655;10.3246034102;-1.5534162745
2.1101745201;0.7906455306;10.0392608509;-1.0776042579
2.1200814427;0.7474835693;9.9473708743;-0.5200871476
2.1299883653;0.6947300609;10.3197670956;0.0326237808
2.1398952880;0.6132019117;10.5180559927;0.6237841650
2.1498022106;0.4693287071;10.2859128937;1.1188209095
2.1597091332;0.3014766352;9.7297367189;1.4552536485
2.1696160558;0.1432161101;9.5024299345;1.7147874757
2.1795229785;-0.0390232823;9.6910462024;1.9262594831
2.1894299011;-0.2020795808;9.9280256160;2.0079645768
2.1993368237;-0.3507485588;9.9763887616;1.8830038452
2.2092437464;-0.4946217634;10.0489334801;1.7003689297
2.2191506690;-0.5809456861;10.4890381053;1.4071918286
2.2290575916;-0.6576780619;10.9678332470;1.0034725418
2.2389645143;-0.6528822884;11.3015389519;0.4315368856
2.2488714369;-0.5953330066;11.2580121208;-0.1692358626
2.2587783595;-0.4946217634;11.0403779655;-0.7075282450
2.2686852821;-0.3315654649;10.8420890684;-1.1689217156
2.2785922048;-0.0869810171;10.9194701014;-1.5149668186
2.2884991274;-0.0438190558;10.9049611577;-1.8706242855
2.2984060500;0.1000541488;10.8807795849;-1.9619417432
2.3083129727;0.2391315798;10.9871785053;-1.9811664712
2.3182198953;0.3542301435;11.1032500548;-1.8513995576
2.3281268179;0.4933075746;11.3015389519;-1.5966719123
2.3380337405;0.5940188177;11.2483394917;-1.2169835355
2.3479406632;0.6275892321;11.0016874490;-0.6931096991
2.3578475858;0.5988145912;10.6679817441;-0.1307864068
2.3677545084;0.5172864420;10.3729665558;0.4651801594
2.3776614311;0.3686174639;10.1795139733;1.0082787238
2.3875683537;0.2391315798;10.0102429636;1.5225401963
2.3974752763;0.0616879609;9.8699898412;1.9214533011
2.4073821990;-0.1397345255;9.5943199112;2.1377314904
2.4172891216;-0.3315654649;9.6620283150;2.3780405897
2.4271960442;-0.5521710452;9.8071177519;2.4933889573
2.4371029668;-0.7104315702;9.5749746529;2.3347849518
2.4470098895;-0.8351216808;9.1977421170;2.0464140327
2.4569168121;-0.9358329240;9.0671616238;1.7868802055
2.4668237347;-1.0077695263;9.0429800510;1.4023856466
2.4767306574;-1.0749103551;9.2074147461;0.9602169040
2.4866375800;-1.0749103551;9.2025784316;0.5372728892
2.4965445026;-1.0221568468;9.1687242296;0.0470423267
2.5064514252;-0.9885864324;9.3960310141;-0.3614831421
2.5163583479;-0.8878751892;9.7007188315;-0.7603962469
2.5262652705;-0.7535935316;9.7249004044;-1.0583795300
2.5361721931;-0.5809456861;9.4782483617;-1.2121773535
2.5460791158;-0.4322767081;9.1977421170;-1.2746577193
2.5559860384;-0.2740161831;9.1251973986;-1.2458206274
2.5658929610;-0.1109598846;9.0961795112;-1.1160537138
2.5757998837;-0.0006570944;8.9994532199;-0.9141940704
2.5857068063;0.0808710548;8.9365811306;-0.6354355152
2.5956137289;0.1528076571;9.1155247694;-0.2605533204
2.6055206515;0.1623992041;9.4637394180;0.1335536024
2.6154275742;0.1671949776;9.7394093480;0.5757223451
2.6253344968;0.1288287897;9.7490819772;1.0178910878
2.6352414194;0.0281175465;9.5411204510;1.4408351025
2.6451483421;-0.0677979232;9.3283226102;1.7340122036
2.6550552647;-0.2548330891;9.2025784316;2.0416078507
2.6649621873;-0.3123823709;8.9462537597;2.0752511246
2.6748691099;-0.4562555755;8.7528011772;2.0944758525
2.6847760326;-0.5857414596;8.6560748860;2.0752511246
2.6946829552;-0.7535935316;8.8446911539;2.0031583948
2.7045898778;-0.9214456036;9.2025784316;1.8637791172
2.7144968005;-1.0557272611;9.4879209908;1.5850205621
2.7244037231;-1.1516427309;9.7345730335;1.2101383672
2.7343106457;-1.1612342778;9.9135166723;0.7487448966
2.7442175684;-1.1180723165;10.1311508276;0.2200648782
2.7541244910;-1.0173610733;10.1795139733;-0.2653595024
2.7640314136;-0.8543047748;10.1069692548;-0.7171406090
2.7739383362;-0.6480865149;9.9812250762;-1.0631857120
2.7838452589;-0.4658471225;10.0247519073;-1.3467504491
2.7937521815;-0.2404457687;10.2375497480;-1.5053544546
2.8036591041;-0.0390232823;10.5277286218;-1.6014780943
2.8135660268;0.1432161101;10.7018359461;-1.5245791826
2.8234729494;0.2918850882;10.8807795849;-1.3419442671
2.8333798720;0.4789202541;11.1080863693;-1.0439609840
2.8432867946;0.6227934587;11.3547384120;-0.6546602432
2.8531937173;0.7187089284;11.3982652431;-0.1788482266
2.8631006399;0.7522793428;11.2918663227;0.3209946999
2.8730075625;0.7474835693;11.0790684820;0.8256438084
2.8829144852;0.6755469670;10.9049611577;1.2774249150
2.8928214078;0.5604484034;10.7598717208;1.6234700180
2.9027283304;0.4453498397;10.6438001713;1.8685852992
2.9126352531;0.2727019942;10.4745291616;1.9743213029
2.9225421757;0.1240330162;10.3391123538;1.9887398489
2.9324490983;-0.0150444149;10.2472223771;1.8830038452
2.9423560209;-0.1493260725;10.2520586917;1.6811442018
2.9522629436;-0.2596288626;10.3149307810;1.3591300088
2.9621698662;-0.3123823709;10.2278771189;0.9073489021
2.9720767888;-0.3507485588;10.1698413441;0.4267307036
2.9819837115;-0.3171781444;10.3149307810;-0.0779184049
2.9918906341;-0.2644246361;10.3729665558;-0.5441180575
3.0017975567;-0.1828964868;10.2568950063;-0.9622558903
3.0117044793;-0.0773894702;10.0150792781;-1.2602391734
3.0216114020;0.0568921874;9.9231893014;-1.6783770061
3.0315183246;0.1911738450;9.9328619306;-1.5486100925
3.0414252472;0.3254555026;9.9522071888;-1.7072140980
3.0513321699;0.5316737624;9.8603172121;-1.6014780943
3.0612390925;0.6851385140;9.7684272354;-1.3851999050
3.0711460151;0.8338074920;9.7877724937;-1.1448908057
3.0810529378;0.9872722435;9.9763887616;-0.8661322505
3.0909598604;1.0831877132;9.9908977053;-0.4383820538
3.1008667830;1.1263496746;9.8748261558;-0.0779184049
3.1107737056;1.1311454481;9.7103914607;0.3738627017
3.1206806283;1.1167581276;9.6330104277;0.7343263506
3.1305875509;1.0783919398;9.4540667888;1.0803714536
3.1404944735;0.9872722435;9.2267600044;1.3639361907
3.1504013962;0.8673779064;8.9994532199;1.5369587422
3.1603083188;0.7858497572;8.9123995578;1.6523071099
3.1702152414;0.6803427405;9.0284711073;1.7051751117
3.1801221640;0.5508568564;9.0623253092;1.6523071099
3.1900290867;0.4357582927;8.9655990180;1.4792845584
3.1999360093;0.3254555026;9.0284711073;1.2533940051
3.2098429319;0.2103569389;9.2993047228;0.9602169040
3.2197498546;0.1432161101;9.5217751927;0.5757223451
3.2296567772;0.0664837344;9.6281741131;0.1768092403
3.2395636998;0.0377090935;9.5798109675;-0.2221038645
3.2494706225;0.0377090935;9.6765372587;-0.6065984233
3.2593775451;0.0712795079;9.7732635500;-0.9574497083
3.2692844677;0.1240330162;9.8264630102;-1.2362082634
3.2791913903;0.2199484859;9.7539182917;-1.4284555429
3.2890983130;0.2535189003;9.7780998645;-1.4861297267
3.2990052356;0.3494343700;9.9473708743;-1.5053544546
3.3089121582;0.4597371602;10.1601687150;-1.4524864528
3.3188190809;0.5700399503;10.2907492082;-1.3034948112
3.3287260035;0.6659554200;10.4745291616;-1.0007053461
3.3386329261;0.7378920223;10.7018359461;-0.6786911531
3.3485398487;0.8242159450;10.8324164393;-0.2365224104
3.3584467714;0.8386032655;10.8227438101;0.2729328800
3.3683536940;0.8050328511;10.7115085752;0.7102954407
3.3782606166;0.7330962488;10.5422375655;1.1380456374
3.3881675393;0.6563638731;10.4116570723;1.4792845584
3.3980744619;0.4981033480;10.3342760393;1.7484307496
3.4079813845;0.3638216905;10.3100944665;1.8637791172
3.4178883072;0.2007653920;10.3052581519;1.9070347551
3.4277952298;0.0185259995;10.3536212975;1.8685852992
3.4377021524;-0.1013683376;10.4406749597;1.6715318378
3.4476090750;-0.2260584482;10.5519101946;1.3495176448
3.4575159977;-0.3411570119;10.6002733402;0.9602169040
3.4674229203;-0.4418682550;10.6292912276;0.4940172514
3.4773298429;-0.4898259899;10.6631454296;0.0182052348
3.4872367656;-0.5281921778;10.6679817441;-0.4576067818
3.4971436882;-0.5281921778;10.6486364859;-0.8853569785
3.5070506108;-0.5186006308;10.6147822839;-1.2362082634
3.5169575334;-0.4658471225;10.5954370257;-1.3563628131
3.5268644561;-0.3603401058;10.5906007111;-1.6303151862
3.5367713787;-0.3075865975;10.5906007111;-1.6303151862
3.5466783013;-0.1972838073;10.4503475888;-1.5726410024
3.5565852240;-0.1157556581;10.4164933868;-1.4044246329
3.5664921466;-0.0821852437;10.2762402645;-1.0679918939
3.5763990692;-0.0390232823;10.0731150529;-0.7459777009
3.5863059919;-0.0246359618;10.0924603111;-0.3134213222
3.5962129145;-0.0198401884;10.2182044898;0.0662670546
3.6061198371;-0.0630021497;10.0972966257;0.4892110694
3.6160267597;-0.0917767906;9.8603172121;0.8400623543
3.6259336824;-0.1828964868;9.7539182917;1.1332394554
3.6358406050;-0.2596288626;9.6523556859;1.3975794646
3.6457475276;-0.3555443323;9.4830846762;1.5369587422
3.6556544503;-0.4466640285;9.1106884549;1.5369587422
3.6655613729;-0.5329879513;8.8446911539;1.4504474665
3.6754682955;-0.6097203270;8.8156732665;1.3110681889
3.6853752182;-0.6960442498;8.9559263889;1.1380456374
3.6952821408;-0.7535935316;9.0139621636;0.8688994462
3.7051890634;-0.7919597195;9.0236347927;0.4940172514
3.7150959860;-0.8495090013;9.0768342529;0.1527783304
3.7250029087;-0.8830794157;9.2606142063;-0.2413285924
3.7349098313;-0.8543047748;9.3573404976;-0.6017922413
3.7448167539;-0.8015512664;9.2896320937;-0.9190002524
3.7547236766;-0.7104315702;9.1542152859;-1.1593093517
3.7646305992;-0.6672696089;9.0042895345;-1.3803937230
3.7745375218;-0.6097203270;8.9994532199;-1.4909359087
3.7844444444;-0.5377837248;9.0381437364;-1.5389977285
3.7943513671;-0.4706428960;9.0961795112;-1.5245791826
3.8042582897;-0.4035020672;9.2074147461;-1.4476802708
3.8141652123;-0.3747274263;9.4153762723;-1.3034948112
3.8240721350;-0.3075865975;9.6910462024;-1.0391548020
3.8339790576;-0.2740161831;9.8312993247;-0.7363653369
3.8438859802;-0.2452415422;9.8699898412;-0.3566769601
3.8537929029;-0.2260584482;9.8216266956;0.0278175988
3.8636998255;-0.2260584482;9.8022814374;0.4411492495
3.8736067481;-0.2452415422;9.7152277752;0.7823881705
3.8835136707;-0.2596288626;9.6426830568;1.1140147275
3.8934205934;-0.2836077300;9.5749746529;1.3543238268
3.9033275160;-0.3315654649;9.6281741131;1.5273463783
3.9132344386;-0.4082978407;9.7974451228;1.5657958341
3.9231413613;-0.4226851611;9.9715524471;1.5465711062
3.9330482839;-0.4802344429;10.1650050296;1.4216103746
3.9429552065;-0.5042133104;10.3294397247;1.2149445492
3.9528621291;-0.5090090838;10.4745291616;0.8785118102
3.9627690518;-0.4946217634;10.5906007111;0.5228543433
3.9726759744;-0.4514598020;10.6921633169;0.1047165105
3.9825828970;-0.4226851611;10.7163448897;-0.3038089582
3.9924898197;-0.3219739179;10.7453627771;-0.6690787891
4.0023967423;-0.2500373156;10.7695443499;-0.9574497083
4.0123036649;-0.1637133929;10.8130711810;-1.2362082634
4.0222105876;-0.0821852437;10.8517616975;-1.3707813590
4.0321175102;0.0281175465;10.8807795849;-1.4236493609
4.0420244328;0.0952583753;10.8662706412;-1.3803937230
4.0519313554;0.1863780715;10.9291427305;-1.2121773535
4.0618382781;0.2487231268;10.9049611577;-0.9238064344
4.0717452007;0.2966808617;10.9001248431;-0.5585366035
4.0816521233;0.3254555026;10.8324164393;-0.1500111347
4.0915590460;0.3542301435;10.7695443499;0.3113823359
4.1014659686;0.3110681821;10.6631454296;0.7391325326
4.1113728912;0.2774977677;10.5132196781;1.1092085455
4.1212798138;0.2247442594;10.3681302412;1.4552536485
4.1311867365;0.1767865245;10.2375497480;1.6859503838
4.1410936591;0.1144414692;10.0876239966;1.8205234794
4.1510005817;0.0520964139;9.9715524471;1.9070347551
4.1609075044;0.0185259995;9.7974451228;1.8493605713
4.1708144270;-0.0150444149;9.7103914607;1.7340122036
4.1807213496;-0.0342275088;9.8458082684;1.5850205621
4.1906282723;-0.0534106027;9.8893350995;1.3447114628
4.2005351949;-0.0534106027;9.8022814374;1.0082787238
4.2104421175;-0.0198401884;9.7635909209;0.6766521668
4.2203490401;0.0185259995;9.8844987849;0.3402194278
4.2302559628;0.0616879609;9.9280256160;-0.0250504031
4.2401628854;0.1432161101;9.8409719539;-0.3134213222
4.2500698080;0.2007653920;9.7103914607;-0.5200871476
4.2599767307;0.2727019942;9.6039925403;-0.6546602432
4.2698836533;0.3350470495;9.5217751927;-0.7796209748
4.2797905759;0.4021878783;9.4540667888;-0.7844271568
4.2896974985;0.4789202541;9.4492304743;-0.6931096991
4.2996044212;0.5412653094;9.4782483617;-0.5825675134
4.3095113438;0.5796314973;9.4540667888;-0.3855140520
4.3194182664;0.5988145912;9.3960310141;-0.1403987707
4.3293251891;0.6084061382;9.4492304743;0.1816154223
4.3392321117;0.6084061382;9.5169388782;0.4940172514
4.3491390343;0.5892230443;9.5217751927;0.8112252624
4.3590459570;0.5268779890;9.3911946995;1.1476580014
4.3689528796;0.4693287071;9.2702868354;1.4360289205
4.3788598022;0.3734132374;9.2074147461;1.6475009279
4.3887667248;0.3158639556;9.1687242296;1.7868802055
4.3986736475;0.2199484859;9.0961795112;1.8637791172
4.4085805701;0.1719907511;9.0478163656;1.8541667533
4.4184874927;0.0952583753;9.1058521403;1.8253296614
4.4283944154;0.0520964139;9.2751231500;1.7195936577
4.4383013380;-0.0198401884;9.4250489015;1.5513772882
4.4482082606;-0.0438190558;9.5943199112;1.2389754591
4.4581151832;-0.0438190558;9.7587546063;0.9265736301
4.4680221059;-0.0773894702;9.8941714141;0.5757223451
4.4779290285;-0.0630021497;10.0199155927;0.1912277863
4.4878359511;-0.0486148293;10.1263145131;-0.1692358626
4.4977428738;-0.0150444149;10.1650050296;-0.5104747836
4.5076497964;0.0377090935;10.2230408043;-0.7267529730
4.5175567190;0.0760752814;10.3149307810;-0.9286126164
4.5274636417;0.1528076571;10.4358386451;-0.9910929822
4.5373705643;0.2103569389;10.5567465092;-1.0103177101
4.5472774869;0.2822935412;10.6921633169;-0.9910929822
4.5571844095;0.3158639556;10.7792169791;-0.7796209748
4.5670913322;0.3494343700;10.9001248431;-0.5104747836
4.5769982548;0.3878005579;10.9678332470;-0.2413285924
4.5869051774;0.3638216905;10.9775058761;0.1143288745
4.5968121001;0.3206597291;10.9388153596;0.4651801594
4.6067190227;0.2679062208;10.8565980121;0.7968067165
4.6166259453;0.1863780715;10.7598717208;1.1044023635
4.6265328679;0.1288287897;10.6873270024;1.3399052808
4.6364397906;0.0233217730;10.5664191383;1.4312227385
4.6463467132;-0.0630021497;10.4261660160;1.5129278323
4.6562536358;-0.2356499952;10.2230408043;1.3350990988
4.6661605585;-0.2356499952;10.2230408043;1.3350990988
4.6760674811;-0.3123823709;10.2085318606;1.1140147275
4.6859744037;-0.3843189732;10.2133681752;0.7871943525
4.6958813264;-0.4274809346;10.2617313208;0.4555677955
4.7057882490;-0.4562555755;10.3004218373;0.0758794186
4.7156951716;-0.4562555755;10.3100944665;-0.3182275042
4.7256020942;-0.4130936141;10.3246034102;-0.7027220630
4.7355090169;-0.3891147467;10.2762402645;-1.0055115281
4.7454159395;-0.3171781444;10.0489334801;-1.2314020814
4.7553228621;-0.2260584482;9.9812250762;-1.4140369969
4.7652297848;-0.1924880338;9.9715524471;-1.4717111807
4.7751367074;-0.1157556581;9.9086803577;-1.5101606366
4.7850436300;-0.0582063762;9.8119540665;-1.4476802708
4.7949505526;-0.0102486414;9.7539182917;-1.3131071752
4.8048574753;0.0568921874;9.8167903811;-1.1545031697
4.8147643979;0.0712795079;9.9522071888;-0.9093878884
4.8246713205;0.0904626018;9.9570435034;-0.6546602432
4.8345782432;0.1096456957;9.8264630102;-0.3470645961
4.8444851658;0.0760752814;9.6039925403;-0.0442751310
4.8543920884;0.0473006404;9.5169388782;0.2585143341
4.8642990111;0.0233217730;9.4782483617;0.5132419793
4.8742059337;-0.0534106027;9.2557778918;0.7006830767
4.8841128563;-0.0869810171;8.9946169054;0.8016128984
4.8940197789;-0.1589176194;8.9220721869;0.8833179922
4.9039267016;-0.2260584482;9.0187984782;0.8929303562
4.9138336242;-0.2836077300;9.1203610840;0.8112252624
4.9237405468;-0.3651358793;9.1300337131;0.6670398028
4.9336474695;-0.4322767081;9.1783968588;0.4795987054
4.9435543921;-0.4706428960;9.3138136665;0.2392896061
4.9534613147;-0.5090090838;9.4298852160;-0.0538874950
4.9633682373;-0.5042133104;9.4250489015;-0.3662893240
4.9732751600;-0.5186006308;9.3718494413;-0.6546602432
4.9831820826;-0.4850302164;9.3863583850;-0.8901631605
4.9930890052;-0.4274809346;9.4540667888;-1.1545031697
5.0029959279;-0.3939105202;9.5749746529;-1.3611689951
5.0129028505;-0.3123823709;9.7007188315;-1.4813235447
5.0228097731;-0.2356499952;9.7877724937;-1.5582224565
5.0327166958;-0.1828964868;9.8506445830;-1.5438039105
5.0426236184;-0.1205514315;9.9812250762;-1.4476802708
5.0525305410;-0.0342275088;10.0827876820;-1.3179133572
5.0624374636;0.0137302260;10.1504960859;-1.0679918939
5.0723443863;0.0473006404;10.1650050296;-0.7267529730
5.0822513089;0.1096456957;10.1891866024;-0.3903202340
5.0921582315;0.1240330162;10.2327134335;-0.0250504031
5.1020651542;0.1240330162;10.2762402645;0.3209946999
5.1119720768;0.1048499223;10.2955855228;0.6766521668
5.1218789994;0.0952583753;10.3342760393;0.9602169040
5.1317859220;0.0664837344;10.3487849830;1.1813012753
5.1416928447;-0.0054528679;10.3971481286;1.3399052808
5.1515997673;-0.0486148293;10.4261660160;1.3783547367
5.1615066899;-0.1061641111;10.5083833635;1.3399052808
5.1714136126;-0.1781007134;10.5228923072;1.2245569132
5.1813205352;-0.2452415422;10.5760917674;1.0178910878
5.1912274578;-0.2644246361;10.6631454296;0.7295201687
5.2011343805;-0.3171781444;10.7598717208;0.4555677955
5.2110413031;-0.3459527853;10.8179074956;0.1047165105
5.2209482257;-0.3555443323;10.8517616975;-0.2172976825
5.2308551483;-0.3507485588;10.8227438101;-0.5152809656
5.2407620710;-0.3123823709;10.8130711810;-0.7411715189
5.2506689936;-0.2644246361;10.7356901480;-0.9141940704
5.2605759162;-0.1924880338;10.6438001713;-0.9910929822
5.2704828389;-0.1493260725;10.5132196781;-1.0007053461
5.2803897615;-0.1061641111;10.4842017907;-0.9190002524
5.2902966841;-0.0294317353;10.3923118140;-0.7219467910
5.3002036067;0.0185259995;10.3584576121;-0.4672191457
5.3101105294;0.0712795079;10.2085318606;-0.1836544086
5.3200174520;0.1144414692;10.1214781985;0.1623906944
5.3299243746;0.1623992041;10.1650050296;0.5180481613
5.3398312973;0.1959696185;10.1650050296;0.8785118102
5.3497382199;0.1815822980;9.9183529869;1.1957198213
5.3596451425;0.1623992041;9.6330104277;1.4504474665
5.3695520652;0.1240330162;9.5507930801;1.7051751117
5.3794589878;0.1384203367;9.6185014840;1.7532369316
5.3893659104;0.1000541488;9.4782483617;1.8253296614
5.3992728330;0.0329133200;9.2170873753;1.7964925694
5.4091797557;0.0089344526;9.1445426568;1.6907565658
5.4190866783;-0.0390232823;9.2170873753;1.6042452900
5.4289936009;-0.0582063762;9.3089773520;1.3879671007
5.4389005236;-0.1013683376;9.3283226102;1.1764950933
5.4488074462;-0.1397345255;9.3525041830;0.8592870823
5.4587143688;-0.1445302990;9.3476678685;0.5949470731
5.4686212914;-0.1733049399;9.3525041830;0.3065761539
5.4785282141;-0.1876922603;9.3379952393;0.0566546907
5.4884351367;-0.1733049399;9.3283226102;-0.1548173167
5.4983420593;-0.1541218459;9.3670131267;-0.3134213222
5.5082489820;-0.1493260725;9.3379952393;-0.4431882358
5.5181559046;-0.1061641111;9.2702868354;-0.4864438737
5.5280628272;-0.0917767906;9.2074147461;-0.4672191457
5.5379697499;-0.0630021497;9.2944684083;-0.3710955060
5.5478766725;-0.0150444149;9.4250489015;-0.2221038645
5.5577835951;0.0233217730;9.5459567655;-0.0346627670
5.5676905177;0.0568921874;9.5943199112;0.2344834241
5.5775974404;0.0904626018;9.6475193714;0.5180481613
5.5875043630;0.1192372427;9.7249004044;0.8016128984
5.5974112856;0.1288287897;9.7926088082;1.0851776356
5.6073182083;0.1432161101;9.7829361791;1.3639361907
5.6172251309;0.1336245632;9.7103914607;1.5802143801
5.6271320535;0.1671949776;9.6475193714;1.6330823819
5.6370389761;0.1384203367;9.7152277752;1.7147874757
5.6469458988;0.1192372427;9.7539182917;1.7532369316
5.6568528214;0.1096456957;9.7780998645;1.6811442018
5.6667597440;0.0616879609;9.8167903811;1.5609896522
5.6766666667;0.0377090935;9.9280256160;1.3495176448
5.6865735893;-0.0006570944;10.1021329403;1.0659529076
5.6964805119;-0.0438190558;10.2665676354;0.7487448966
5.7063874346;-0.0630021497;10.3778028703;0.3882812477
5.7162943572;-0.0773894702;10.4406749597;0.0326237808
5.7262012798;-0.0917767906;10.5567465092;-0.3038089582
5.7361082024;-0.1061641111;10.6583091150;-0.6162107873
5.7460151251;-0.1157556581;10.6631454296;-0.8084580667
5.7559220477;-0.1157556581;10.6051096548;-0.9766744362
5.7658289703;-0.1061641111;10.5760917674;-1.0631857120
5.7757358930;-0.0869810171;10.6873270024;-1.0776042579
5.7856428156;-0.0677979232;10.7453627771;-0.9670620722
5.7955497382;-0.0630021497;10.7792169791;-0.7844271568
5.8054566608;-0.0294317353;10.7888896082;-0.5537304215
5.8153635835;0.0233217730;10.8662706412;-0.2797780483
5.8252705061;0.0425048670;10.9049611577;0.0037866888
5.8351774287;0.0616879609;10.8759432703;0.3113823359
5.8450843514;0.0904626018;10.7260175189;0.5853347091
5.8549912740;0.0808710548;10.5567465092;0.8352561723
5.8648981966;0.1000541488;10.3874754995;0.9794416319
5.8748051193;0.1192372427;10.2036955461;1.1044023635
5.8847120419;0.0952583753;10.0005703344;1.1188209095
5.8946189645;0.0904626018;9.9135166723;1.0467281797
5.9045258871;0.0808710548;9.9038440432;0.9121550841
5.9144328098;0.0904626018;9.9376982451;0.7487448966
5.9243397324;0.0712795079;9.9812250762;0.5132419793
5.9342466550;0.0616879609;10.0489334801;0.2104525142
5.9441535777;0.0568921874;10.0586061092;-0.1259802248
5.9540605003;0.0377090935;9.9522071888;-0.4239635079
5.9639674229;0.0377090935;9.7974451228;-0.6979158811
5.9738743455;0.0137302260;9.7249004044;-0.9430311623
5.9837812682;0.0233217730;9.7297367189;-1.1064413498
5.9936881908;0.0089344526;9.5459567655;-1.3563628131
6.0035951134;-0.0198401884;9.3815220704;-1.3755875410
6.0135020361;0.0041386791;9.4057036432;-1.3996184509
6.0234089587;0.0041386791;9.6039925403;-1.4092308149
6.0333158813;0.0089344526;9.6862098879;-1.3467504491
6.0432228040;0.0137302260;9.5846472820;-1.2121773535
6.0531297266;0.0185259995;9.4395578451;-0.9814806182
6.0630366492;-0.0006570944;9.4153762723;-0.7459777009
6.0729435718;0.0041386791;9.5507930801;-0.4624129638
6.0828504945;0.0233217730;9.5701383383;-0.2317162285
6.0927574171;0.0233217730;9.2799594646;0.0374299627
6.1026643397;0.0185259995;9.0429800510;0.2585143341
6.1125712624;0.0089344526;9.1638879151;0.4747925234
6.1224781850;0.0281175465;9.4395578451;0.6382027109
6.1323851076;0.0137302260;9.5121025636;0.7343263506
6.1422920303;0.0281175465;9.3911946995;0.7535510786
6.1521989529;0.0425048670;9.3960310141;0.7391325326
6.1621058755;0.0233217730;9.6185014840;0.6478150749
6.1720127981;0.0329133200;9.8216266956;0.4892110694
6.1819197208;0.0233217730;9.8071177519;0.2969637900
6.1918266434;0.0329133200;9.7055551461;0.0566546907
6.2017335660;0.0233217730;9.7926088082;-0.1932667726
6.2116404887;0.0329133200;10.0199155927;-0.4383820538
6.2215474113;0.0377090935;10.2085318606;-0.7027220630
6.2314543339;0.0425048670;10.2617313208;-0.9286126164
6.2413612565;0.0377090935;10.2472223771;-1.1112475318
6.2512681792;0.0473006404;10.3246034102;-1.2362082634
6.2611751018;0.0377090935;10.4842017907;-1.3179133572
6.2710820244;0.0041386791;10.5035470490;-1.2698515373
6.2809889471;0.0185259995;10.3874754995;-1.1833402616
6.2908958697;-0.0102486414;10.3487849830;-0.9718682542
6.3008027923;-0.0294317353;10.4164933868;-0.7748147928
6.3107097150;-0.0390232823;10.5519101946;-0.4912500557
6.3206166376;-0.0582063762;10.5906007111;-0.2124915005
6.3305235602;-0.0965725641;10.5422375655;0.1191350565
6.3404304828;-0.1109598846;10.5180559927;0.4651801594
6.3503374055;-0.1205514315;10.5132196781;0.7199078047
6.3602443281;-0.1541218459;10.5035470490;0.9890539959
6.3701512507;-0.1828964868;10.4503475888;1.1909136393
6.3800581734;-0.1876922603;10.3729665558;1.2966496429
6.3899650960;-0.2068753543;10.3197670956;1.3543238268
6.3998720186;-0.2068753543;10.3536212975;1.2966496429
6.4097789412;-0.2068753543;10.4261660160;1.1813012753
6.4196858639;-0.2068753543;10.4164933868;0.9938601779
6.4295927865;-0.1924880338;10.4358386451;0.7775819885
6.4394997091;-0.1781007134;10.5083833635;0.5613037992
6.4494066318;-0.1301429785;10.5615828237;0.3017699719
6.4593135544;-0.1397345255;10.5374012509;0.0085928708
6.4692204770;-0.0965725641;10.4358386451;-0.2221038645
6.4791273997;-0.0917767906;10.2907492082;-0.3855140520
6.4890343223;-0.0773894702;10.2036955461;-0.5104747836
6.4989412449;-0.0677979232;10.0440971655;-0.5777613314
6.5088481675;-0.0821852437;10.0150792781;-0.5825675134
6.5187550902;-0.0773894702;10.0199155927;-0.5200871476
6.5286620128;-0.0773894702;9.8893350995;-0.3951264160
6.5385689354;-0.1013683376;9.6475193714;-0.2172976825
6.5484758581;-0.1013683376;9.6862098879;-0.0106318571
6.5583827807;-0.1589176194;9.7974451228;0.2489019701
6.5682897033;-0.1876922603;9.7103914607;0.5228543433
6.5781966259;-0.2260584482;9.4008673286;0.7871943525
6.5881035486;-0.2500373156;9.2364326335;1.0082787238
6.5980104712;-0.2979950505;9.2993047228;1.2533940051
6.6079173938;-0.3507485588;9.2896320937;1.4408351025
6.6178243165;-0.3651358793;9.1203610840;1.5177340143
6.6277312391;-0.3891147467;8.8785453559;1.5417649242
6.6376381617;-0.3891147467;8.8495274685;1.5225401963
6.6475450844;-0.4130936141;8.9559263889;1.5129278323
6.6574520070;-0.4130936141;9.0381437364;1.4264165566
6.6673589296;-0.3891147467;8.9994532199;1.3014558249
6.6772658522;-0.3651358793;8.9994532199;1.0755652716
6.6871727749;-0.3603401058;9.1687242296;0.9025427201
6.6970796975;-0.3315654649;9.3621768121;0.7151016227
6.7069866201;-0.2596288626;9.4298852160;0.4555677955
6.7168935428;-0.2260584482;9.3863583850;0.2296772422
6.7268004654;-0.1637133929;9.4105399578;-0.0010194931
6.7367073880;-0.1349387520;9.5798109675;-0.1644296807
6.7466143106;-0.0869810171;9.6620283150;-0.2749718663
6.7565212333;-0.0486148293;9.6185014840;-0.3422584141
6.7664281559;-0.0294317353;9.6136651694;-0.3518707781
6.7763350785;-0.0102486414;9.7539182917;-0.3182275042
6.7862420012;0.0185259995;9.9376982451;-0.2509409564
6.7961489238;0.0137302260;10.0392608509;-0.0971431329
6.8060558464;-0.0006570944;10.0586061092;0.0999103285
6.8159627691;-0.0054528679;10.0972966257;0.2873514260
6.8258696917;-0.0390232823;10.2182044898;0.5661099811
6.8357766143;-0.0630021497;10.3246034102;0.7583572606
6.8456835369;-0.0821852437;10.2617313208;0.9457983580
6.8555904596;-0.1301429785;10.1408234568;1.1092085455
6.8654973822;-0.1733049399;10.1021329403;1.2437816411
6.8754043048;-0.2260584482;10.1408234568;1.3110681889
6.8853112275;-0.2260584482;10.1553324005;1.3350990988
6.8952181501;-0.2548330891;10.1359871422;1.2726187330
6.9051250727;-0.2452415422;10.1746776587;1.1188209095
6.9150319953;-0.2356499952;10.3294397247;0.9650230859
6.9249389180;-0.2212626747;10.4455112742;0.7823881705
6.9348458406;-0.1781007134;10.5519101946;0.5276605253
6.9447527632;-0.1205514315;10.6438001713;0.2200648782
6.9546596859;-0.0630021497;10.6389638567;-0.0731122229
6.9645666085;-0.0102486414;10.6486364859;-0.2893904123
6.9744735311;0.0568921874;10.6147822839;-0.5104747836
6.9843804538;0.1144414692;10.6099459694;-0.7027220630
6.9942873764;0.1815822980;10.5277286218;-0.8180704307
7.0041942990;0.2391315798;10.4890381053;-0.8661322505
7.0141012216;0.3110681821;10.5422375655;-0.8421013406
7.0240081443;0.3638216905;10.6196185985;-0.7892333388
7.0339150669;0.4069836518;10.6583091150;-0.6546602432
7.0438219895;0.4213709723;10.6486364859;-0.4816376917
7.0537289122;0.4213709723;10.6196185985;-0.2941965943
7.0636358348;0.3878005579;10.5083833635;-0.1019493148
7.0735427574;0.3590259170;10.3632939267;0.1623906944
7.0834496800;0.3206597291;10.1408234568;0.3498317918
7.0933566027;0.2679062208;9.9715524471;0.4988234333
7.1032635253;0.2103569389;9.8361356393;0.6189779830
7.1131704479;0.1767865245;9.6862098879;0.6958768948
7.1230773706;0.1288287897;9.6039925403;0.7054892587
7.1329842932;0.0904626018;9.7152277752;0.7054892587
7.1428912158;0.0520964139;9.7394093480;0.6670398028
7.1527981385;0.0377090935;9.6426830568;0.5276605253
7.1627050611;0.0473006404;9.5798109675;0.3546379738
7.1726119837;0.0520964139;9.6426830568;0.1720030583
7.1825189063;0.0712795079;9.6378467422;-0.0490813130
7.1924258290;0.0856668283;9.4298852160;-0.2557471384
7.2023327516;0.1240330162;9.3331589248;-0.4479944178
7.2122396742;0.1623992041;9.3815220704;-0.6450478792
7.2221465969;0.2055611655;9.4830846762;-0.8324889766
7.2320535195;0.2727019942;9.5459567655;-0.9141940704
7.2419604421;0.3302512761;9.5024299345;-0.9814806182
7.2518673647;0.3878005579;9.4975936199;-1.0151238921
7.2617742874;0.4645329336;9.5991562257;-0.9958991642
7.2716812100;0.4837160276;9.7539182917;-0.9862868002
7.2815881326;0.5316737624;9.7297367189;-0.8661322505
7.2914950553;0.5604484034;9.6281741131;-0.7171406090
7.3014019779;0.5700399503;9.5701383383;-0.5345056935
7.3113089005;0.5652441768;9.6571920005;-0.3422584141
7.3212158232;0.5364695359;9.7345730335;-0.1644296807
7.3311227458;0.4933075746;9.7394093480;0.0662670546
7.3410296684;0.4165751988;9.7394093480;0.2729328800
7.3509365910;0.3782090109;9.7926088082;0.4075059756
7.3608435137;0.3014766352;9.8651535267;0.5516914352
7.3707504363;0.2295400329;9.9086803577;0.6574274389
7.3806573589;0.1432161101;9.8990077286;0.6862645308
7.3905642816;0.0664837344;9.9135166723;0.6574274389
7.4004712042;-0.0006570944;9.9376982451;0.5997532550
7.4103781268;-0.0390232823;10.0247519073;0.4747925234
7.4202850494;-0.0965725641;10.1311508276;0.3306070639
7.4301919721;-0.1253472050;10.2182044898;0.1671968763
7.4400988947;-0.1445302990;10.3149307810;-0.0634998590
7.4500058173;-0.1397345255;10.4310023305;-0.2509409564
7.4599127400;-0.1445302990;10.5422375655;-0.4191573259
7.4698196626;-0.1061641111;10.6341275422;-0.5921798774
7.4797265852;-0.0725936967;10.6534728004;-0.7171406090
7.4896335079;-0.0294317353;10.6583091150;-0.7603962469
7.4995404305;0.0137302260;10.6631454296;-0.7940395208
7.5094473531;0.0520964139;10.6776543732;-0.7555900649
7.5193542757;0.1144414692;10.6776543732;-0.6642726072
7.5292611984;0.1576034306;10.6631454296;-0.5152809656
7.5391681210;0.1671949776;10.6728180587;-0.3422584141
7.5490750436;0.1863780715;10.6486364859;-0.1355925887
7.5589819663;0.1911738450;10.6583091150;0.1239412385
7.5688888889;0.1719907511;10.6196185985;0.3354132458
7.5787958115;0.1192372427;10.5132196781;0.5564976172
7.5887027341;0.0568921874;10.3971481286;0.7343263506
7.5986096568;0.0041386791;10.2907492082;0.8688994462
7.6085165794;-0.0869810171;10.2182044898;0.9409921760
7.6184235020;-0.1733049399;10.1166418840;0.9938601779
7.6283304247;-0.2644246361;10.0392608509;0.9842478139
7.6382373473;-0.3603401058;9.9570435034;0.9265736301
7.6481442699;-0.4562555755;9.9135166723;0.8112252624
7.6580511926;-0.5186006308;9.9135166723;0.6814583488
7.6679581152;-0.5905372331;9.9038440432;0.5372728892
7.6778650378;-0.6241076475;9.8554808976;0.3258008819
7.6877719604;-0.6432907414;9.7732635500;0.1623906944
7.6976788831;-0.6480865149;9.6958825170;-0.0154380391
7.7075858057;-0.6528822884;9.7297367189;-0.1740420446
7.7174927283;-0.6432907414;9.7587546063;-0.2990027763
7.7273996510;-0.5953330066;9.6765372587;-0.3614831421
7.7373065736;-0.5473752717;9.4685757325;-0.3999325979
7.7472134962;-0.4850302164;9.3621768121;-0.3999325979
7.7571204188;-0.4370724816;9.3718494413;-0.3470645961
7.7670273415;-0.3987062937;9.5169388782;-0.2701656843
7.7769342641;-0.3603401058;9.5217751927;-0.1307864068
7.7868411867;-0.2931992770;9.3331589248;0.0085928708
7.7967481094;-0.2836077300;9.2267600044;0.2056463322
7.8066550320;-0.2788119566;9.2896320937;0.3930874297
7.8165619546;-0.2692204096;9.3573404976;0.5661099811
7.8264688773;-0.2692204096;9.2896320937;0.7199078047
7.8363757999;-0.2884035035;9.1542152859;0.8400623543
7.8462827225;-0.3411570119;9.0865068821;0.9602169040
7.8561896451;-0.3699316528;9.2170873753;1.0419219977
7.8660965678;-0.4226851611;9.2993047228;1.1140147275
7.8760034904;-0.4658471225;9.1783968588;1.0659529076
7.8859104130;-0.5090090838;9.0961795112;1.0130849058
7.8958173357;-0.5521710452;9.2315963189;0.9121550841
7.9057242583;-0.5857414596;9.3911946995;0.7871943525
7.9156311809;-0.6336991945;9.4202125869;0.6526212569
7.9255381035;-0.6432907414;9.4395578451;0.4651801594
7.9354450262;-0.6336991945;9.5362841364;0.2969637900
7.9453519488;-0.6384949679;9.7635909209;0.1095226925
7.9552588714;-0.6097203270;9.8603172121;-0.0731122229
7.9651657941;-0.5713541391;9.8506445830;-0.2413285924
7.9750727167;-0.5138048573;9.8651535267;-0.3278398682
7.9849796393;-0.4418682550;9.9522071888;-0.4143511439
7.9948865620;-0.3843189732;10.0876239966;-0.4335758718
8.0047934846;-0.2979950505;10.1408234568;-0.4095449619
8.0147004072;-0.2020795808;10.1843502878;-0.3374522321
8.0246073298;-0.1445302990;10.2472223771;-0.1980729546
8.0345142525;-0.0677979232;10.3874754995;-0.0971431329
8.0444211751;-0.0198401884;10.5180559927;0.1287474205
8.0543280977;0.0568921874;10.5325649364;0.3017699719
8.0642350204;0.0856668283;10.5180559927;0.5372728892
8.0741419430;0.1288287897;10.5519101946;0.7102954407
8.0840488656;0.1432161101;10.5664191383;0.8400623543
8.0939557882;0.1480118836;10.4987107344;0.9409921760
8.1038627109;0.1336245632;10.4406749597;1.0082787238
8.1137696335;0.1048499223;10.4116570723;1.0082787238
8.1236765561;0.1048499223;10.4406749597;0.9794416319
8.1335834788;0.0568921874;10.4551839034;0.8929303562
8.1434904014;0.0520964139;10.4745291616;0.7631634426
8.1533973240;0.0137302260;10.4890381053;0.6237841650
8.1633042467;0.0041386791;10.5180559927;0.4075059756
8.1732111693;0.0137302260;10.5325649364;0.2200648782
8.1831180919;-0.0054528679;10.5035470490;-0.0106318571
8.1930250145;0.0089344526;10.4213297014;-0.1692358626
8.2029319372;0.0473006404;10.3439486684;-0.3326460502
8.2128388598;0.0616879609;10.2762402645;-0.4479944178
8.2227457824;0.1144414692;10.2375497480;-0.5296995116
8.2326527051;0.1623992041;10.1795139733;-0.5441180575
8.2425596277;0.2151527124;10.1214781985;-0.5104747836
8.2524665503;0.2679062208;10.1214781985;-0.4672191457
8.2623734729;0.3158639556;10.1021329403;-0.3230336862
8.2722803956;0.4021878783;10.0924603111;-0.1884605906
8.2821873182;0.4453498397;10.0247519073;-0.0250504031
8.2920942408;0.4933075746;9.9038440432;0.1864216043
8.3020011635;0.5604484034;9.8603172121;0.3258008819
8.3119080861;0.5844272708;9.8264630102;0.5084357973
8.3218150087;0.5988145912;9.7103914607;0.6622336209
8.3317219314;0.5988145912;9.5169388782;0.7679696245
8.3416288540;0.5796314973;9.4540667888;0.8448685363
8.3515357766;0.5844272708;9.5411204510;0.8977365381
8.3614426992;0.5796314973;9.6475193714;0.9073489021
8.3713496219;0.5268779890;9.5072662490;0.8592870823
8.3812565445;0.4933075746;9.3428315539;0.7583572606
8.3911634671;0.4405540662;9.3331589248;0.6526212569
8.4010703898;0.4261667458;9.4589031034;0.4988234333
8.4109773124;0.4069836518;9.5314478218;0.3450256098
8.4208842350;0.3590259170;9.4250489015;0.1768092403
8.4307911576;0.3494343700;9.3331589248;-0.0346627670
8.4406980803;0.3350470495;9.4443941597;-0.1932667726
8.4506050029;0.3398428230;9.6378467422;-0.3278398682
8.4605119255;0.3302512761;9.6813735733;-0.4335758718
8.4704188482;0.3398428230;9.6475193714;-0.5248933296
8.4803257708;0.3542301435;9.6862098879;-0.5489242395
8.4902326934;0.3734132374;9.8071177519;-0.5585366035
8.5001396161;0.3734132374;9.9038440432;-0.5104747836
8.5100465387;0.3973921049;9.8941714141;-0.4191573259
8.5199534613;0.4213709723;9.8312993247;-0.2990027763
8.5298603839;0.4261667458;9.8893350995;-0.1596234987
8.5397673066;0.4261667458;10.0150792781;0.0133990528
8.5496742292;0.4357582927;10.1214781985;0.2489019701
8.5595811518;0.4165751988;10.1166418840;0.3930874297
8.5694880745;0.4165751988;10.0876239966;0.5757223451
8.5793949971;0.3782090109;10.1069692548;0.7247139867
8.5893019197;0.3446385965;10.1940229170;0.8064190804
8.5992088424;0.3014766352;10.1408234568;0.8592870823
8.6091157650;0.2535189003;10.1166418840;0.8929303562
8.6190226876;0.2103569389;10.3536212975;0.8640932642
8.6289296102;0.1767865245;10.6196185985;0.7775819885
8.6388365329;0.1144414692;10.3874754995;0.6526212569
8.6487434555;0.0712795079;9.9860613908;0.4651801594
8.6586503781;0.0377090935;10.1698413441;0.2729328800
8.6685573008;0.0041386791;10.7695443499;0.0902979646
8.6784642234;-0.0294317353;10.9291427305;-0.1259802248
8.6883711460;-0.0725936967;10.5374012509;-0.2749718663
8.6982780686;-0.0821852437;10.2182044898;-0.4528005998
8.7081849913;-0.0917767906;10.4551839034;-0.5729551494
8.7180919139;-0.0869810171;10.8420890684;-0.6690787891
8.7279988365;-0.1109598846;10.7840532936;-0.6979158811
8.7379057592;-0.0917767906;10.3584576121;-0.6354355152
8.7478126818;-0.1061641111;10.1263145131;-0.5537304215
8.7577196044;-0.1109598846;10.4890381053;-0.4431882358
8.7676265271;-0.1157556581;10.7308538334;-0.3230336862
8.7775334497;-0.1253472050;10.4745291616;-0.1644296807
8.7874403723;-0.1301429785;10.0054066490;0.0326237808
8.7973472949;-0.1493260725;9.9763887616;0.2056463322
8.8072542176;-0.2068753543;10.2907492082;0.3738627017
8.8171611402;-0.2164669012;10.3536212975;0.5613037992
8.8270680628;-0.2500373156;9.9715524471;0.6526212569
8.8369749855;-0.2644246361;9.6136651694;0.6766521668
8.8468819081;-0.3075865975;9.5943199112;0.7006830767
8.8567888307;-0.3555443323;9.7297367189;0.6862645308
8.8666957533;-0.4082978407;9.6813735733;0.6237841650
8.8766026760;-0.4370724816;9.6136651694;0.4940172514
8.8865095986;-0.4610513490;9.4975936199;0.3642503378
8.8964165212;-0.5090090838;9.4298852160;0.1864216043
8.9063234439;-0.4994175369;9.4879209908;0.0182052348
8.9162303665;-0.5281921778;9.5314478218;-0.1788482266
8.9261372891;-0.5233964043;9.4879209908;-0.3230336862
8.9360442118;-0.5281921778;9.3815220704;-0.4720253277
8.9459511344;-0.5377837248;9.3960310141;-0.6017922413
8.9558580570;-0.5281921778;9.4589031034;-0.7123344270
8.9657649796;-0.5138048573;9.3863583850;-0.7267529730
8.9756719023;-0.4994175369;9.2702868354;-0.7219467910
8.9855788249;-0.4658471225;9.2364326335;-0.6931096991
8.9954857475;-0.4706428960;9.3283226102;-0.6162107873
9.0053926702;-0.4562555755;9.3863583850;-0.5104747836
9.0152995928;-0.4658471225;9.3476678685;-0.3903202340
9.0252065154;-0.4322767081;9.2993047228;-0.2221038645
9.0351134380;-0.4562555755;9.3863583850;-0.0779184049
9.0450203607;-0.4466640285;9.4927573053;0.1143288745
9.0549272833;-0.4514598020;9.4685757325;0.2537081521
9.0648342059;-0.4418682550;9.3911946995;0.4075059756
9.0747411286;-0.4610513490;9.4105399578;0.5468852532
9.0846480512;-0.4658471225;9.5314478218;0.6237841650
9.0945549738;-0.4658471225;9.5653020238;0.6862645308
9.1044618965;-0.4562555755;9.5217751927;0.6958768948
9.1143688191;-0.4802344429;9.5798109675;0.6574274389
9.1242757417;-0.4610513490;9.7587546063;0.6045594370
9.1341826643;-0.4706428960;9.9231893014;0.4844048874
9.1440895870;-0.4514598020;9.9667161325;0.3690565197
9.1539965096;-0.4082978407;10.0005703344;0.2104525142
9.1639034322;-0.3747274263;10.1214781985;0.0278175988
9.1738103549;-0.3363612384;10.2520586917;-0.1355925887
9.1837172775;-0.2884035035;10.3439486684;-0.2317162285
9.1936242001;-0.2404457687;10.3342760393;-0.3662893240
9.2035311227;-0.2068753543;10.3246034102;-0.4672191457
9.2134380454;-0.1828964868;10.3778028703;-0.5152809656
9.2233449680;-0.1253472050;10.4696928470;-0.5152809656
9.2332518906;-0.0965725641;10.4793654762;-0.4816376917
9.2431588133;-0.0725936967;10.5132196781;-0.4047387799
9.2530657359;-0.0486148293;10.5615828237;-0.2749718663
9.2629726585;-0.0150444149;10.6341275422;-0.1163678608
9.2728795812;0.0041386791;10.6679817441;0.0758794186
9.2827865038;-0.0006570944;10.6196185985;0.2729328800
9.2926934264;-0.0054528679;10.5277286218;0.4651801594
9.3026003490;0.0041386791;10.4358386451;0.6622336209
9.3125072717;0.0041386791;10.4019844432;0.7823881705
9.3224141943;0.0185259995;10.3439486684;0.8881241742
9.3323211169;-0.0054528679;10.2762402645;0.9842478139
9.3422280396;-0.0150444149;10.1940229170;1.0034725418
9.3521349622;0.0041386791;10.2182044898;1.0034725418
9.3620418848;0.0137302260;10.2810765791;0.9554107220
9.3719488074;0.0041386791;10.3100944665;0.8496747183
9.3818557301;0.0185259995;10.2568950063;0.7343263506
9.3917626527;0.0377090935;10.2036955461;0.5805285271
9.4016695753;0.0760752814;10.1553324005;0.4171183396
9.4115764980;0.0904626018;10.0972966257;0.2633205161
9.4214834206;0.1240330162;10.0102429636;0.1431659664
9.4313903432;0.1576034306;9.9231893014;-0.0250504031
9.4412972659;0.1911738450;9.8458082684;-0.1163678608
9.4512041885;0.2295400329;9.8361356393;-0.1692358626
9.4611111111;0.2727019942;9.8264630102;-0.1740420446
9.4710180337;0.3014766352;9.8554808976;-0.1596234987
9.4809249564;0.3494343700;9.8796624704;-0.0923369509
9.4908318790;0.3830047844;9.8216266956;0.0182052348
9.5007388016;0.3973921049;9.7055551461;0.1479721484
9.5106457243;0.4021878783;9.6039925403;0.2969637900
9.5205526469;0.4117794253;9.5991562257;0.4219245216
9.5304595695;0.4117794253;9.5846472820;0.6093656190
9.5403664921;0.3973921049;9.4492304743;0.7391325326
9.5502734148;0.3734132374;9.3234862956;0.8304499903
9.5601803374;0.3350470495;9.2944684083;0.9457983580
9.5700872600;0.3302512761;9.3766857558;1.0371158157
9.5799941827;0.3062724086;9.4008673286;1.0947899996
9.5899011053;0.2631104473;9.3525041830;1.0707590896
9.5998080279;0.2391315798;9.3283226102;1.0467281797
9.6097149506;0.2247442594;9.3573404976;0.9986663598
9.6196218732;0.2103569389;9.4153762723;0.9265736301
9.6295287958;0.2055611655;9.4298852160;0.7823881705
9.6394357184;0.1863780715;9.4589031034;0.6478150749
9.6493426411;0.1815822980;9.5217751927;0.5084357973
9.6592495637;0.1863780715;9.6426830568;0.3306070639
9.6691564863;0.2151527124;9.7587546063;0.1768092403
9.6790634090;0.2247442594;9.8554808976;0.0278175988
9.6889703316;0.2247442594;9.9038440432;-0.0875307689
9.6988772542;0.2487231268;9.9667161325;-0.1548173167
9.7087841768;0.2727019942;10.0344245364;-0.2269100465
9.7186910995;0.2918850882;10.0827876820;-0.2557471384
9.7285980221;0.2870893147;10.1069692548;-0.2461347744
9.7385049447;0.3014766352;10.1408234568;-0.1548173167
9.7484118674;0.3062724086;10.2278771189;-0.0971431329
9.7583187900;0.3110681821;10.3149307810;0.0278175988
9.7682257126;0.3062724086;10.3923118140;0.1768092403
9.7781326353;0.2870893147;10.4164933868;0.3161885179
9.7880395579;0.2535189003;10.4116570723;0.4699863414
9.7979464805;0.2151527124;10.4358386451;0.6189779830
9.8078534031;0.1767865245;10.4261660160;0.7006830767
9.8177603258;0.1048499223;10.3778028703;0.7920005345
9.8276672484;0.1048499223;10.3778028703;0.7920005345
9.8375741710;0.0377090935;10.3391123538;0.7823881705
9.8474810937;0.0041386791;10.3439486684;0.7343263506
9.8573880163;-0.0390232823;10.3536212975;0.6478150749
9.8672949389;-0.0917767906;10.3923118140;0.5420790712
9.8772018615;-0.1301429785;10.4213297014;0.3690565197
9.8871087842;-0.1397345255;10.4455112742;0.2152586962
9.8970157068;-0.1733049399;10.4503475888;0.0133990528
9.9069226294;-0.1733049399;10.4503475888;-0.1740420446
9.9168295521;-0.1685091664;10.4164933868;-0.3134213222
9.9267364747;-0.1445302990;10.3874754995;-0.4576067818
9.9366433973;-0.1397345255;10.3391123538;-0.5537304215
9.9465503200;-0.1301429785;10.2859128937;-0.6162107873
9.9564572426;-0.0869810171;10.2327134335;-0.6450478792
9.9663641652;-0.0965725641;10.2085318606;-0.6498540612
9.9762710878;-0.0821852437;10.1698413441;-0.5873736954
9.9861780105;-0.0582063762;10.1359871422;-0.5008624196
9.9960849331;-0.0630021497;10.0972966257;-0.3999325979
10.0059918557;-0.0677979232;10.0731150529;-0.3038089582
10.0158987784;-0.0582063762;9.9957340199;-0.1548173167
10.0258057010;-0.0725936967;9.8554808976;-0.0490813130
10.0357126236;-0.1013683376;9.7394093480;0.0999103285
10.0456195462;-0.1109598846;9.7297367189;0.1912277863
10.0555264689;-0.1637133929;9.7442456626;0.2633205161
10.0654333915;-0.1876922603;9.6088288548;0.3450256098
10.0753403141;-0.2260584482;9.3815220704;0.3498317918
10.0852472368;-0.2500373156;9.3379952393;0.3209946999
10.0951541594;-0.2979950505;9.4589031034;0.2681266980
10.1050610820;-0.3507485588;9.4589031034;0.1960339683
10.1149680047;-0.3891147467;9.3863583850;0.0902979646
10.1248749273;-0.4130936141;9.3428315539;-0.0250504031
10.1347818499;-0.4322767081;9.3911946995;-0.1740420446
10.1446887725;-0.4514598020;9.4685757325;-0.2653595024
10.1545956952;-0.4610513490;9.4250489015;-0.4095449619
10.1645026178;-0.4418682550;9.3670131267;-0.5152809656
10.1744095404;-0.4370724816;9.3621768121;-0.6258231513
10.1843164631;-0.4322767081;9.4250489015;-0.7027220630
10.1942233857;-0.3987062937;9.4153762723;-0.7219467910
10.2041303083;-0.3843189732;9.3960310141;-0.7315591550
10.2140372309;-0.3603401058;9.4105399578;-0.7027220630
10.2239441536;-0.3363612384;9.5314478218;-0.6690787891
10.2338510762;-0.2979950505;9.6475193714;-0.5921798774
10.2437579988;-0.2740161831;9.7055551461;-0.4864438737
10.2536649215;-0.2692204096;9.7200640898;-0.3422584141
10.2635718441;-0.2068753543;9.7684272354;-0.2269100465
10.2734787667;-0.2356499952;9.8312993247;-0.1019493148
10.2833856894;-0.2020795808;9.8990077286;0.0662670546
10.2932926120;-0.1972838073;9.9183529869;0.2392896061
10.3031995346;-0.2116711278;9.9135166723;0.3594441558
10.3131064572;-0.1781007134;9.9328619306;0.4363430675
10.3230133799;-0.1828964868;9.9860613908;0.5228543433
10.3329203025;-0.2260584482;10.0344245364;0.5516914352
10.3428272251;-0.2212626747;10.0537697946;0.5853347091
10.3527341478;-0.2260584482;10.1214781985;0.5084357973
10.3626410704;-0.2356499952;10.2375497480;0.4507616135
10.3725479930;-0.2548330891;10.3342760393;0.3354132458
10.3824549156;-0.2500373156;10.3971481286;0.2296772422
10.3923618383;-0.2740161831;10.4455112742;0.1047165105
10.4022687609;-0.2644246361;10.4938744199;-0.0298565851
10.4121756835;-0.2644246361;10.5228923072;-0.1500111347
10.4220826062;-0.2692204096;10.5277286218;-0.2413285924
10.4319895288;-0.1972838073;10.4600202179;-0.3422584141
10.4418964514;-0.1972838073;10.4600202179;-0.3422584141
10.4518033741;-0.2164669012;10.4455112742;-0.3326460502
10.4617102967;-0.1493260725;10.4503475888;-0.2797780483
10.4716172193;-0.1493260725;10.4648565325;-0.2076853185
10.4815241419;-0.1109598846;10.4358386451;-0.1019493148
10.4914310646;-0.0773894702;10.4261660160;0.0470423267
10.5013379872;-0.0342275088;10.3778028703;0.1912277863
10.5112449098;-0.0150444149;10.3439486684;0.3690565197
10.5211518325;0.0377090935;10.2955855228;0.5372728892
10.5310587551;0.0473006404;10.1891866024;0.6958768948
10.5409656777;0.0664837344;10.0924603111;0.8112252624
10.5508726003;0.0712795079;10.0150792781;0.9169612661
10.5607795230;0.0904626018;9.9957340199;0.9602169040
10.5706864456;0.1048499223;9.9376982451;1.0034725418
10.5805933682;0.1000541488;9.9231893014;0.9938601779
10.5905002909;0.1096456957;9.8796624704;0.9602169040
10.6004072135;0.1000541488;9.8603172121;0.8881241742
10.6103141361;0.0856668283;9.8458082684;0.8064190804
10.6202210588;0.0856668283;9.7780998645;0.6910707128
10.6301279814;0.0808710548;9.7103914607;0.5997532550
10.6400349040;0.0712795079;9.6668646296;0.4795987054
10.6499418266;0.0712795079;9.6426830568;0.3594441558
10.6598487493;0.0712795079;9.6910462024;0.2681266980
10.6697556719;0.0568921874;9.6378467422;0.1960339683
10.6796625945;0.0760752814;9.5121025636;0.1335536024
10.6895695172;0.0760752814;9.5072662490;0.0902979646
10.6994764398;0.0760752814;9.5314478218;0.0951041466
10.7093833624;0.0856668283;9.5362841364;0.1287474205
10.7192902850;0.1096456957;9.4879209908;0.2104525142
10.7291972077;0.1096456957;9.4395578451;0.2537081521
10.7391041303;0.1432161101;9.4589031034;0.3450256098
10.7490110529;0.1528076571;9.4685757325;0.4507616135
10.7589179756;0.1719907511;9.4443941597;0.6045594370
10.7688248982;0.1959696185;9.4540667888;0.6958768948
10.7787318208;0.2199484859;9.5121025636;0.7775819885
10.7886387435;0.2343358064;9.5169388782;0.8833179922
10.7985456661;0.2391315798;9.5121025636;0.9409921760
10.8084525887;0.2631104473;9.5362841364;0.9698292679
10.8183595113;0.2535189003;9.5991562257;1.0178910878
10.8282664340;0.2918850882;9.6571920005;0.9938601779
10.8381733566;0.2774977677;9.6717009442;0.9457983580
10.8480802792;0.2631104473;9.7055551461;0.8785118102
10.8579872019;0.2535189003;9.7829361791;0.7823881705
10.8678941245;0.2487231268;9.8651535267;0.6862645308
10.8778010471;0.2343358064;9.9522071888;0.5228543433
10.8877079697;0.2151527124;10.0150792781;0.4075059756
10.8976148924;0.1911738450;10.0682787383;0.2777390620
10.9075218150;0.1528076571;10.1456597713;0.1383597844
10.9174287376;0.1384203367;10.2278771189;-0.0202442211
10.9273356603;0.1192372427;10.2714039500;-0.1067554968
10.9372425829;0.0808710548;10.2955855228;-0.1884605906
10.9471495055;0.0712795079;10.3197670956;-0.2124915005
10.9570564282;0.0425048670;10.3681302412;-0.2461347744
10.9669633508;0.0329133200;10.4164933868;-0.2124915005
10.9768702734;0.0185259995;10.4455112742;-0.1307864068
10.9867771960;0.0137302260;10.4745291616;-0.0538874950
10.9966841187;0.0233217730;10.4987107344;0.0470423267
11.0065910413;0.0041386791;10.5277286218;0.1623906944
11.0164979639;0.0041386791;10.5180559927;0.2729328800
11.0264048866;-0.0006570944;10.4890381053;0.3930874297
11.0363118092;0.0185259995;10.4793654762;0.4844048874
11.0462187318;0.0329133200;10.4358386451;0.5516914352
11.0561256545;0.0377090935;10.4164933868;0.5709161631
11.0660325771;0.0377090935;10.3681302412;0.5757223451
11.0759394997;0.0520964139;10.3342760393;0.5420790712
11.0858464223;0.0520964139;10.3197670956;0.4555677955
11.0957533450;0.0473006404;10.2762402645;0.3690565197
11.1056602676;0.0425048670;10.2810765791;0.2344834241
11.1155671902;0.0425048670;10.2423860626;0.0951041466
11.1254741129;0.0185259995;10.2230408043;-0.0683060409
11.1353810355;-0.0006570944;10.1940229170;-0.2221038645
11.1452879581;-0.0246359618;10.1311508276;-0.3230336862
11.1551948807;-0.0438190558;10.0876239966;-0.4720253277
11.1651018034;-0.0582063762;10.0537697946;-0.5393118755
11.1750087260;-0.1013683376;9.9908977053;-0.6450478792
11.1849156486;-0.1205514315;9.9376982451;-0.6498540612
11.1948225713;-0.1445302990;9.8603172121;-0.6450478792
11.2047294939;-0.1781007134;9.8022814374;-0.6402416972
11.2146364165;-0.2068753543;9.7490819772;-0.5873736954
11.2245433392;-0.2260584482;9.7007188315;-0.5152809656
11.2344502618;-0.2644246361;9.6813735733;-0.4143511439
11.2443571844;-0.2740161831;9.6233377985;-0.3134213222
11.2542641070;-0.2836077300;9.5749746529;-0.2124915005
11.2641710297;-0.2836077300;9.4637394180;-0.1019493148
11.2740779523;-0.3027908240;9.4492304743;-0.0202442211
11.2839848749;-0.2931992770;9.4105399578;0.0518485087
11.2938917976;-0.2836077300;9.3766857558;0.1479721484
11.3037987202;-0.2692204096;9.3525041830;0.1864216043
11.3137056428;-0.2740161831;9.3573404976;0.2056463322
11.3236125654;-0.2644246361;9.3670131267;0.1912277863
11.3335194881;-0.2404457687;9.4008673286;0.1575845124
11.3434264107;-0.2404457687;9.4395578451;0.1143288745
11.3533333333;-0.2260584482;9.4830846762;0.0085928708
11.3632402560;-0.2116711278;9.5314478218;-0.0779184049
11.3731471786;-0.2260584482;9.5604657092;-0.1884605906
11.3830541012;-0.2164669012;9.6039925403;-0.2701656843
11.3929610239;-0.2068753543;9.6620283150;-0.3614831421
11.4028679465;-0.2116711278;9.6958825170;-0.4383820538
11.4127748691;-0.2164669012;9.7297367189;-0.5104747836
11.4226817917;-0.2212626747;9.7635909209;-0.5585366035
11.4325887144;-0.2356499952;9.8167903811;-0.5729551494
11.4424956370;-0.2548330891;9.8699898412;-0.5681489674
11.4524025596;-0.2788119566;9.8844987849;-0.5393118755
11.4623094823;-0.2931992770;9.9183529869;-0.4768315097
11.4722164049;-0.3027908240;9.9715524471;-0.3807078700
11.4821233275;-0.3315654649;10.0392608509;-0.2749718663
11.4920302501;-0.3363612384;10.0537697946;-0.1548173167
11.5019371728;-0.3411570119;10.0537697946;-0.0202442211
11.5118440954;-0.3363612384;10.0827876820;0.1383597844
11.5217510180;-0.3315654649;10.1456597713;0.2825452440
11.5316579407;-0.3219739179;10.1553324005;0.3738627017
11.5415648633;-0.2931992770;10.1601687150;0.4892110694
11.5514717859;-0.2740161831;10.1940229170;0.5709161631
11.5613787086;-0.2596288626;10.2520586917;0.6093656190
11.5712856312;-0.2116711278;10.3391123538;0.6093656190
11.5811925538;-0.2116711278;10.3391123538;0.6093656190
11.5910994764;-0.1205514315;10.3971481286;0.4651801594
11.6010063991;-0.1205514315;10.3971481286;0.4651801594
11.6109133217;-0.1109598846;10.4551839034;0.3594441558
11.6208202443;-0.0725936967;10.4745291616;0.2633205161
11.6307271670;-0.0486148293;10.4358386451;0.1768092403
11.6406340896;-0.0246359618;10.4213297014;0.0758794186
11.6505410122;-0.0246359618;10.4213297014;-0.0154380391
11.6604479348;0.0089344526;10.4019844432;-0.0827245869
11.6703548575;-0.0102486414;10.3632939267;-0.1019493148
11.6802617801;-0.0102486414;10.2907492082;-0.0875307689
11.6901687027;-0.0102486414;10.2520586917;-0.0683060409
11.7000756254;0.0089344526;10.2520586917;-0.0250504031
11.7099825480;-0.0006570944;10.1795139733;0.0806856006
11.7198894706;-0.0198401884;10.0972966257;0.1768092403
11.7297963933;-0.0294317353;10.0199155927;0.3161885179
11.7397033159;-0.0246359618;9.9715524471;0.4651801594
11.7496102385;-0.0246359618;9.8990077286;0.5853347091
11.7595171611;-0.0102486414;9.8216266956;0.6862645308
11.7694240838;-0.0246359618;9.7587546063;0.7968067165
11.7793310064;0.0041386791;9.7152277752;0.8785118102
11.7892379290;-0.0054528679;9.6765372587;0.9506045400
11.7991448517;0.0281175465;9.6281741131;0.9794416319
11.8090517743;0.0329133200;9.5798109675;0.9602169040
11.8189586969;0.0664837344;9.5507930801;0.9602169040
11.8288656195;0.0952583753;9.5266115073;0.9313798120
11.8387725422;0.1288287897;9.4927573053;0.8496747183
11.8486794648;0.1432161101;9.4734120471;0.7583572606
11.8585863874;0.1767865245;9.4734120471;0.6670398028
11.8684933101;0.1959696185;9.4589031034;0.5661099811
11.8784002327;0.2151527124;9.4830846762;0.4459554315
11.8883071553;0.2391315798;9.4975936199;0.3546379738
11.8982140780;0.2487231268;9.5217751927;0.2681266980
11.9081210006;0.2583146738;9.5411204510;0.2152586962
11.9180279232;0.2822935412;9.5749746529;0.1575845124
11.9279348458;0.2822935412;9.6185014840;0.1287474205
11.9378417685;0.2774977677;9.6523556859;0.1287474205
11.9477486911;0.2774977677;9.6668646296;0.1479721484
11.9576556137;0.2679062208;9.6523556859;0.1960339683
11.9675625364;0.2679062208;9.7055551461;0.2585143341
11.9774694590;0.2583146738;9.7055551461;0.3113823359
11.9873763816;0.2247442594;9.7345730335;0.4123121576
11.9972833042;0.2247442594;9.7635909209;0.5084357973
12.0071902269;0.1959696185;9.7974451228;0.6333965289
12.0170971495;0.2055611655;9.8554808976;0.6766521668
12.0270040721;0.1719907511;9.8748261558;0.7535510786
12.0369109948;0.1528076571;9.9086803577;0.7968067165
12.0468179174;0.1576034306;9.9086803577;0.8016128984
12.0567248400;0.1480118836;9.9522071888;0.8208376264
12.0666317627;0.1240330162;10.0054066490;0.7535510786
12.0765386853;0.1432161101;10.0537697946;0.7102954407
12.0864456079;0.1336245632;10.1069692548;0.6141718010
12.0963525305;0.1432161101;10.1746776587;0.5084357973
12.1062594532;0.1288287897;10.2568950063;0.4267307036
12.1161663758;0.1623992041;10.3342760393;0.2537081521
12.1260732984;0.1384203367;10.3729665558;0.1191350565
12.1359802211;0.1432161101;10.4068207577;-0.0106318571
12.1458871437;0.1480118836;10.4358386451;-0.1211740428
12.1557940663;0.1480118836;10.4503475888;-0.2076853185
12.1657009889;0.1336245632;10.4648565325;-0.2749718663
12.1756079116;0.1288287897;10.5180559927;-0.3182275042
12.1855148342;0.1192372427;10.5132196781;-0.3182275042
12.1954217568;0.1000541488;10.5180559927;-0.2797780483
12.2053286795;0.1000541488;10.5277286218;-0.2509409564
12.2152356021;0.0616879609;10.5325649364;-0.1692358626
12.2251425247;0.0520964139;10.4842017907;-0.1067554968
12.2350494474;0.0185259995;10.4310023305;-0.0346627670
12.2449563700;-0.0054528679;10.3971481286;0.1143288745
12.2548632926;-0.0198401884;10.3536212975;0.2008401502
12.2647702152;-0.0486148293;10.2714039500;0.2681266980
12.2746771379;-0.0534106027;10.2182044898;0.3065761539
12.2845840605;-0.0821852437;10.1553324005;0.3402194278
12.2944909831;-0.1109598846;10.0779513674;0.3690565197
12.3043979058;-0.1301429785;10.0440971655;0.3161885179
12.3143048284;-0.1589176194;10.0005703344;0.2777390620
12.3242117510;-0.1733049399;9.9376982451;0.2440957881
12.3341186736;-0.1828964868;9.9086803577;0.1095226925
12.3440255963;-0.1972838073;9.8748261558;0.0182052348
12.3539325189;-0.2164669012;9.8603172121;-0.1307864068
12.3638394415;-0.2452415422;9.8167903811;-0.2269100465
12.3737463642;-0.2260584482;9.7829361791;-0.3182275042
12.3836532868;-0.2452415422;9.7490819772;-0.4335758718
12.3935602094;-0.2596288626;9.7200640898;-0.5008624196
12.4034671321;-0.2644246361;9.6958825170;-0.5585366035
12.4133740547;-0.2692204096;9.6571920005;-0.5921798774
12.4232809773;-0.2692204096;9.5991562257;-0.6017922413
12.4331878999;-0.2788119566;9.5362841364;-0.5921798774
12.4430948226;-0.3027908240;9.5024299345;-0.5296995116
12.4530017452;-0.2979950505;9.4879209908;-0.4720253277
12.4629086678;-0.2931992770;9.4250489015;-0.3807078700
12.4728155905;-0.3075865975;9.4298852160;-0.2990027763
12.4827225131;-0.3027908240;9.4057036432;-0.2028791365
12.4926294357;-0.3027908240;9.3960310141;-0.0971431329
12.5025363583;-0.3075865975;9.4298852160;0.0037866888
12.5124432810;-0.3315654649;9.4347215306;0.0902979646
12.5223502036;-0.3603401058;9.4492304743;0.1768092403
12.5322571262;-0.3411570119;9.4492304743;0.2056463322
12.5421640489;-0.3603401058;9.4734120471;0.2440957881
12.5520709715;-0.3891147467;9.5314478218;0.2777390620
12.5619778941;-0.3699316528;9.5507930801;0.2633205161
12.5718848168;-0.3747274263;9.5749746529;0.2392896061
12.5817917394;-0.3603401058;9.6233377985;0.2008401502
12.5916986620;-0.3987062937;9.7152277752;0.0999103285
12.6016055846;-0.3891147467;9.7877724937;0.0470423267
12.6115125073;-0.3939105202;9.8361356393;-0.0490813130
12.6214194299;-0.3891147467;9.8990077286;-0.1307864068
12.6313263525;-0.3891147467;9.9618798179;-0.1980729546
12.6412332752;-0.3843189732;9.9957340199;-0.2557471384
12.6511401978;-0.3459527853;10.0440971655;-0.3086151402
12.6610471204;-0.3555443323;10.0634424238;-0.3134213222
12.6709540430;-0.3267696914;10.0634424238;-0.3038089582
12.6808609657;-0.3075865975;10.1069692548;-0.2701656843
12.6907678883;-0.2788119566;10.1746776587;-0.2317162285
12.7006748109;-0.2644246361;10.2133681752;-0.1452049527
12.7105817336;-0.2356499952;10.2327134335;-0.0634998590
12.7204886562;-0.2212626747;10.2568950063;0.0662670546
12.7303955788;-0.1876922603;10.3052581519;0.2008401502
12.7403025015;-0.1733049399;10.3294397247;0.3161885179
12.7502094241;-0.1397345255;10.3100944665;0.4123121576
12.7601163467;-0.1157556581;10.3004218373;0.5420790712
12.7700232693;-0.0917767906;10.2955855228;0.6093656190
12.7799301920;-0.0773894702;10.3100944665;0.6574274389
12.7898371146;-0.0438190558;10.2859128937;0.7199078047
12.7997440372;-0.0438190558;10.2714039500;0.7006830767
12.8096509599;-0.0102486414;10.2762402645;0.6862645308
12.8195578825;-0.0102486414;10.2955855228;0.6574274389
12.8294648051;0.0089344526;10.2714039500;0.5901408911
12.8393717277;0.0089344526;10.2423860626;0.5180481613
12.8492786504;0.0233217730;10.2230408043;0.4219245216
12.8591855730;0.0329133200;10.2133681752;0.3306070639
12.8690924956;0.0137302260;10.1746776587;0.2392896061
12.8789994183;0.0329133200;10.1263145131;0.1527783304
12.8889063409;0.0568921874;10.0634424238;0.0951041466
12.8988132635;0.0568921874;10.0440971655;0.0854917826
12.9087201862;0.0568921874;10.0005703344;0.0374299627
12.9186271088;0.0904626018;9.9473708743;0.0710732366
12.9285340314;0.1000541488;9.9183529869;0.0999103285
12.9384409540;0.1240330162;9.8554808976;0.1720030583
12.9483478767;0.1480118836;9.8119540665;0.2440957881
12.9582547993;0.1767865245;9.7829361791;0.3113823359
12.9681617219;0.1959696185;9.7297367189;0.3978936117
12.9780686446;0.2103569389;9.7007188315;0.5084357973
12.9879755672;0.2535189003;9.6571920005;0.5709161631
12.9978824898;0.2870893147;9.6330104277;0.6862645308
13.0077894124;0.3302512761;9.6088288548;0.7247139867
13.0176963351;0.3686174639;9.5653020238;0.7775819885
13.0276032577;0.3734132374;9.5169388782;0.7920005345
13.0375101803;0.3973921049;9.5024299345;0.7920005345
13.0474171030;0.3973921049;9.4927573053;0.7727758065
13.0573240256;0.4165751988;9.5024299345;0.7343263506
13.0672309482;0.4357582927;9.4975936199;0.6814583488
13.0771378709;0.4165751988;9.5362841364;0.6141718010
13.0870447935;0.4069836518;9.6039925403;0.5180481613
13.0969517161;0.3830047844;9.6475193714;0.4411492495
13.1068586387;0.3734132374;9.6426830568;0.3306070639
13.1167655614;0.3542301435;9.6958825170;0.2392896061
13.1266724840;0.3302512761;9.7345730335;0.1575845124
13.1365794066;0.3014766352;9.7539182917;0.0710732366
13.1464863293;0.2727019942;9.7587546063;-0.0058256751
13.1563932519;0.2487231268;9.7926088082;-0.0346627670
13.1663001745;0.2439273533;9.8554808976;-0.0490813130
13.1762070971;0.2343358064;9.9231893014;-0.0538874950
13.1861140198;0.2007653920;9.9473708743;-0.0058256751
13.1960209424;0.2007653920;9.9715524471;0.0278175988
13.2059278650;0.1959696185;10.0102429636;0.1287474205
13.2158347877;0.1815822980;10.0827876820;0.1720030583
13.2257417103;0.2151527124;10.1021329403;0.2633205161
13.2356486329;0.2103569389;10.1166418840;0.3113823359
13.2455555556;0.2247442594;10.1456597713;0.3738627017
13.2554624782;0.2439273533;10.1746776587;0.4507616135
13.2653694008;0.2391315798;10.2375497480;0.4747925234
13.2752763234;0.2391315798;10.2859128937;0.5084357973
13.2851832461;0.2631104473;10.3294397247;0.5132419793
13.2950901687;0.2583146738;10.3487849830;0.4844048874
13.3049970913;0.2391315798;10.3874754995;0.4123121576
13.3149040140;0.2439273533;10.3826391849;0.3354132458
13.3248109366;0.1959696185;10.4019844432;0.2489019701
13.3347178592;0.1815822980;10.4310023305;0.1671968763
13.3446247818;0.1623992041;10.4213297014;0.0614608727
13.3545317045;0.1192372427;10.4406749597;-0.0394689490
13.3644386271;0.0712795079;10.4310023305;-0.1452049527
13.3743455497;0.0233217730;10.4068207577;-0.1884605906
13.3842524724;-0.0294317353;10.3971481286;-0.2749718663
13.3941593950;-0.0725936967;10.3874754995;-0.3182275042
13.4040663176;-0.1109598846;10.3681302412;-0.3134213222
13.4139732403;-0.1637133929;10.3246034102;-0.3230336862
13.4238801629;-0.2116711278;10.2568950063;-0.2941965943
13.4337870855;-0.2404457687;10.2085318606;-0.2461347744
13.4436940081;-0.2740161831;10.1504960859;-0.1884605906
13.4536009308;-0.2740161831;10.0876239966;-0.1211740428
13.4635078534;-0.3123823709;10.0489334801;-0.0490813130
13.4734147760;-0.3171781444;10.0005703344;0.0278175988
13.4833216987;-0.3267696914;9.9570435034;0.1335536024
13.4932286213;-0.3075865975;9.9038440432;0.1960339683
13.5031355439;-0.3075865975;9.8699898412;0.2537081521
13.5130424666;-0.2884035035;9.8216266956;0.2873514260
13.5229493892;-0.2836077300;9.7877724937;0.2825452440
13.5328563118;-0.2931992770;9.7394093480;0.2681266980
13.5427632344;-0.2884035035;9.6958825170;0.2392896061
13.5526701571;-0.2692204096;9.6475193714;0.2152586962
13.5625770797;-0.2836077300;9.6233377985;0.1239412385
13.5724840023;-0.2788119566;9.6233377985;0.0999103285
13.5823909250;-0.2836077300;9.5846472820;0.0133990528
13.5922978476;-0.3123823709;9.5411204510;-0.0538874950
13.6022047702;-0.3363612384;9.5072662490;-0.1500111347
13.6121116928;-0.3795231997;9.5024299345;-0.1932667726
13.6220186155;-0.3987062937;9.4734120471;-0.2269100465
13.6319255381;-0.4562555755;9.4250489015;-0.2509409564
13.6418324607;-0.4850302164;9.3863583850;-0.2509409564
13.6517393834;-0.5233964043;9.3863583850;-0.2653595024
13.6616463060;-0.5329879513;9.3911946995;-0.2461347744
13.6715532286;-0.5713541391;9.4057036432;-0.1836544086
13.6814601513;-0.5857414596;9.3621768121;-0.1307864068
13.6913670739;-0.5857414596;9.4008673286;-0.0731122229
13.7012739965;-0.5953330066;9.4540667888;0.0133990528
13.7111809191;-0.6049245535;9.4637394180;0.1287474205
13.7210878418;-0.5809456861;9.4492304743;0.2056463322
13.7309947644;-0.5665583657;9.4734120471;0.2969637900
13.7409016870;-0.5473752717;9.5169388782;0.3498317918
13.7508086097;-0.5186006308;9.5653020238;0.4219245216
13.7607155323;-0.4610513490;9.6185014840;0.4507616135
13.7706224549;-0.4274809346;9.6571920005;0.4747925234
13.7805293775;-0.3795231997;9.7539182917;0.5036296153
13.7904363002;-0.3123823709;9.8264630102;0.4844048874
13.8003432228;-0.2692204096;9.8844987849;0.4555677955
13.8102501454;-0.2308542217;9.9231893014;0.3978936117
13.8201570681;-0.1876922603;9.9957340199;0.3306070639
13.8300639907;-0.1589176194;10.0779513674;0.3017699719
13.8399709133;-0.1349387520;10.1021329403;0.1960339683
13.8498778360;-0.1349387520;10.1359871422;0.1575845124
13.8597847586;-0.1013683376;10.1601687150;0.1047165105
13.8696916812;-0.1013683376;10.2230408043;0.0518485087
13.8795986038;-0.0869810171;10.2859128937;-0.0058256751
13.8895055265;-0.0965725641;10.3004218373;-0.0298565851
13.8994124491;-0.1109598846;10.3004218373;-0.0106318571
13.9093193717;-0.1157556581;10.3342760393;0.0374299627
13.9192262944;-0.1157556581;10.3729665558;0.0710732366
13.9291332170;-0.1157556581;10.3632939267;0.1623906944
13.9390401396;-0.1109598846;10.3246034102;0.2296772422
13.9489470622;-0.1013683376;10.2859128937;0.2921576080
13.9588539849;-0.0773894702;10.3052581519;0.3738627017
13.9687609075;-0.0582063762;10.2810765791;0.4459554315
13.9786678301;-0.0390232823;10.2230408043;0.5372728892
13.9885747528;-0.0006570944;10.1843502878;0.5901408911
13.9984816754;0.0520964139;10.1746776587;0.6430088929
14.0083885980;0.0856668283;10.2085318606;0.6526212569
14.0182955207;0.1288287897;10.1843502878;0.6237841650
14.0282024433;0.1719907511;10.1311508276;0.6045594370
14.0381093659;0.2247442594;10.0972966257;0.5468852532
14.0480162885;0.2727019942;10.1021329403;0.4747925234
14.0579232112;0.3206597291;10.0779513674;0.3978936117
14.0678301338;0.3494343700;10.0489334801;0.3209946999
14.0777370564;0.3925963314;10.0054066490;0.2392896061
14.0876439791;0.4069836518;10.0005703344;0.1720030583
14.0975509017;0.4165751988;10.0054066490;0.0566546907
14.1074578243;0.4453498397;9.9763887616;-0.0058256751
14.1173647469;0.4357582927;9.9135166723;-0.0346627670
14.1272716696;0.4405540662;9.8844987849;-0.0827245869
14.1371785922;0.4213709723;9.8699898412;-0.0875307689
14.1470855148;0.4117794253;9.8506445830;-0.0634998590
14.1569924375;0.4021878783;9.7877724937;-0.0394689490
14.1668993601;0.3734132374;9.7442456626;-0.0106318571
14.1768062827;0.3734132374;9.7200640898;0.0470423267
14.1867132054;0.3302512761;9.7007188315;0.1287474205
14.1966201280;0.3350470495;9.6813735733;0.1912277863
14.2065270506;0.3206597291;9.6620283150;0.2585143341
14.2164339732;0.3110681821;9.6233377985;0.3017699719
14.2263408959;0.3062724086;9.6185014840;0.3594441558
14.2362478185;0.3014766352;9.6475193714;0.3594441558
14.2461547411;0.3014766352;9.6233377985;0.3930874297
14.2560616638;0.3206597291;9.6136651694;0.3786688837
14.2659685864;0.3110681821;9.6136651694;0.3642503378
14.2758755090;0.3446385965;9.6620283150;0.3402194278
14.2857824316;0.3494343700;9.7103914607;0.3017699719
14.2956893543;0.3734132374;9.7587546063;0.2344834241
14.3055962769;0.3734132374;9.7635909209;0.1575845124
14.3155031995;0.3878005579;9.8312993247;0.1047165105
14.3254101222;0.3830047844;9.8990077286;-0.0442751310
14.3353170448;0.3878005579;9.9280256160;-0.1115616788
14.3452239674;0.3830047844;9.9473708743;-0.1644296807
14.3551308901;0.3686174639;9.9715524471;-0.2172976825
14.3650378127;0.3446385965;10.0247519073;-0.2797780483
14.3749447353;0.3254555026;10.0876239966;-0.2749718663
14.3848516579;0.3014766352;10.1021329403;-0.2941965943
14.3947585806;0.2631104473;10.1166418840;-0.2990027763
14.4046655032;0.2247442594;10.1311508276;-0.2461347744
14.4145724258;0.1959696185;10.1795139733;-0.1980729546
14.4244793485;0.1623992041;10.2423860626;-0.1452049527
14.4343862711;0.1144414692;10.2665676354;-0.0779184049
14.4442931937;0.0760752814;10.2472223771;-0.0058256751
14.4542001163;0.0520964139;10.2568950063;0.0710732366
14.4641070390;0.0233217730;10.2665676354;0.1720030583
14.4740139616;0.0041386791;10.3149307810;0.2392896061
14.4839208842;-0.0390232823;10.2907492082;0.2777390620
14.4938278069;-0.0534106027;10.2907492082;0.2729328800
14.5037347295;-0.0773894702;10.2955855228;0.3113823359
14.5136416521;-0.0965725641;10.2907492082;0.3161885179
14.5235485748;-0.1205514315;10.3149307810;0.2969637900
14.5334554974;-0.1253472050;10.3246034102;0.2392896061
14.5433624200;-0.1349387520;10.3052581519;0.2056463322
14.5532693426;-0.1589176194;10.3004218373;0.1239412385
14.5631762653;-0.1637133929;10.3342760393;0.0278175988
14.5730831879;-0.1685091664;10.3149307810;-0.0538874950
14.5829901105;-0.1876922603;10.2617313208;-0.1115616788
14.5928970332;-0.1876922603;10.1795139733;-0.1548173167
14.6028039558;-0.1924880338;10.1359871422;-0.1788482266
14.6127108784;-0.2260584482;10.1214781985;-0.2124915005
14.6226178010;-0.2404457687;10.1069692548;-0.2124915005
14.6325247237;-0.2548330891;10.0295882218;-0.1740420446
14.6424316463;-0.2740161831;9.9570435034;-0.1355925887
14.6523385689;-0.3027908240;9.9280256160;-0.1163678608
14.6622454916;-0.3315654649;9.8990077286;-0.0106318571
14.6721524142;-0.3603401058;9.8361356393;0.1047165105
14.6820593368;-0.3891147467;9.7780998645;0.1912277863
14.6919662595;-0.4178893876;9.6813735733;0.3690565197
14.7018731821;-0.4370724816;9.6185014840;0.4123121576
14.7117801047;-0.4370724816;9.5072662490;0.4892110694
14.7216870273;-0.4370724816;9.5072662490;0.4892110694
14.7315939500;-0.4754386694;9.4443941597;0.5805285271
14.7415008726;-0.4946217634;9.4347215306;0.5805285271
14.7514077952;-0.4754386694;9.4443941597;0.5805285271
14.7613147179;-0.4946217634;9.4347215306;0.5805285271
14.7712216405;-0.4898259899;9.3863583850;0.5901408911
14.7811285631;-0.4850302164;9.3766857558;0.5468852532
14.7910354857;-0.4898259899;9.3670131267;0.5228543433
14.8009424084;-0.4802344429;9.3766857558;0.4795987054
14.8108493310;-0.4850302164;9.4008673286;0.4267307036
14.8207562536;-0.4610513490;9.4250489015;0.3498317918
14.8306631763;-0.4562555755;9.4202125869;0.2921576080
14.8405700989;-0.4514598020;9.4443941597;0.2344834241
14.8504770215;-0.4274809346;9.4395578451;0.1768092403
14.8603839442;-0.4274809346;9.4540667888;0.1623906944
14.8702908668;-0.4035020672;9.4685757325;0.1335536024
14.8801977894;-0.3843189732;9.4975936199;0.1191350565
14.8901047120;-0.3699316528;9.5169388782;0.1287474205
14.9000116347;-0.3075865975;9.5314478218;0.2008401502
14.9099185573;-0.3171781444;9.6088288548;0.2248710602
14.9198254799;-0.3075865975;9.6862098879;0.2777390620
14.9297324026;-0.2740161831;9.7442456626;0.3209946999
14.9396393252;-0.2644246361;9.7539182917;0.3930874297
14.9495462478;-0.2500373156;9.7732635500;0.4603739775
14.9594531704;-0.2500373156;9.7732635500;0.4603739775
14.9693600931;-0.2260584482;9.8361356393;0.5516914352
14.9792670157;-0.2164669012;9.8651535267;0.6333965289
14.9891739383;-0.1541218459;9.8941714141;0.6478150749
14.9990808610;-0.1493260725;9.8844987849;0.6718459848
15.0089877836;-0.1205514315;9.9425345597;0.6814583488
15.0188947062;-0.1157556581;10.0102429636;0.7006830767
15.0288016289;-0.0965725641;10.0634424238;0.6718459848
15.0387085515;-0.0773894702;10.0876239966;0.6430088929
15.0486154741;-0.0677979232;10.0924603111;0.5757223451
15.0585223967;-0.0390232823;10.1650050296;0.5084357973
15.0684293194;-0.0054528679;10.2907492082;0.4267307036
15.0783362420;-0.0150444149;10.3149307810;0.3209946999
15.0882431646;-0.0006570944;10.2907492082;0.2344834241
15.0981500873;0.0281175465;10.2907492082;0.1671968763
15.1080570099;0.0520964139;10.3487849830;0.0854917826
15.1179639325;0.0520964139;10.3826391849;0.0566546907
15.1278708551;0.0808710548;10.3971481286;-0.0250504031
15.1377777778;0.0904626018;10.3681302412;-0.0298565851
15.1476847004;0.1096456957;10.3681302412;-0.0442751310
15.1575916230;0.1144414692;10.3826391849;-0.0346627670
15.1674985457;0.1432161101;10.3874754995;0.0374299627
15.1774054683;0.1432161101;10.3391123538;0.0854917826
15.1873123909;0.1671949776;10.3004218373;0.1431659664
15.1972193136;0.2103569389;10.2859128937;0.2104525142
15.2071262362;0.2103569389;10.2762402645;0.2537081521
15.2170331588;0.2439273533;10.2278771189;0.2873514260
15.2269400814;0.2727019942;10.1359871422;0.3306070639
15.2368470041;0.2774977677;10.1118055694;0.3546379738
15.2467539267;0.2918850882;10.0682787383;0.3594441558
15.2566608493;0.3158639556;10.0344245364;0.3546379738
15.2665677720;0.3302512761;9.9667161325;0.3113823359
15.2764746946;0.3254555026;9.9425345597;0.2585143341
15.2863816172;0.3302512761;9.9183529869;0.2344834241
15.2962885398;0.3206597291;9.9376982451;0.1575845124
15.3061954625;0.3254555026;9.9280256160;0.0710732366
15.3161023851;0.3014766352;9.9038440432;-0.0154380391
15.3260093077;0.2966808617;9.8554808976;-0.0971431329
15.3359162304;0.2918850882;9.8216266956;-0.1500111347
15.3458231530;0.2727019942;9.7974451228;-0.2124915005
15.3557300756;0.2583146738;9.7442456626;-0.2797780483
15.3656369983;0.2487231268;9.6958825170;-0.3086151402
15.3755439209;0.2199484859;9.6765372587;-0.3374522321
15.3854508435;0.2199484859;9.6958825170;-0.3566769601
15.3953577661;0.2055611655;9.7297367189;-0.3518707781
15.4052646888;0.2007653920;9.6862098879;-0.3326460502
15.4151716114;0.2055611655;9.7007188315;-0.2941965943
15.4250785340;0.2055611655;9.7103914607;-0.2701656843
15.4349854567;0.2055611655;9.7297367189;-0.2221038645
15.4448923793;0.1911738450;9.6862098879;-0.1740420446
15.4547993019;0.2199484859;9.6717009442;-0.1115616788
15.4647062245;0.2103569389;9.7152277752;-0.0731122229
15.4746131472;0.1959696185;9.7152277752;-0.0202442211
15.4845200698;0.2247442594;9.7635909209;0.0230114168
15.4944269924;0.2247442594;9.7684272354;0.0422361447
15.5043339151;0.2199484859;9.7926088082;0.0614608727
15.5142408377;0.2055611655;9.8554808976;0.0758794186
15.5241477603;0.2007653920;9.8796624704;0.0614608727
15.5340546830;0.1815822980;9.9183529869;-0.0010194931
15.5439616056;0.1671949776;9.9280256160;-0.0346627670
15.5538685282;0.1432161101;9.9667161325;-0.1019493148
15.5637754508;0.0904626018;9.9860613908;-0.1211740428
15.5736823735;0.0904626018;10.0150792781;-0.1596234987
15.5835892961;0.0568921874;10.0779513674;-0.2365224104
15.5934962187;0.0233217730;10.1069692548;-0.2701656843
15.6034031414;-0.0198401884;10.1650050296;-0.2941965943
15.6133100640;-0.0390232823;10.1795139733;-0.3086151402
15.6232169866;-0.0677979232;10.1746776587;-0.3230336862
15.6331239092;-0.1205514315;10.2036955461;-0.3230336862
15.6430308319;-0.1349387520;10.2278771189;-0.2653595024
15.6529377545;-0.1589176194;10.2423860626;-0.2365224104
15.6628446771;-0.1876922603;10.2182044898;-0.1788482266
15.6727515998;-0.2116711278;10.1940229170;-0.1067554968
15.6826585224;-0.2164669012;10.2133681752;-0.0586936770
15.6925654450;-0.2116711278;10.2278771189;0.0662670546
15.7024723677;-0.2308542217;10.2617313208;0.1479721484
15.7123792903;-0.1972838073;10.2375497480;0.2104525142
15.7222862129;-0.1924880338;10.2375497480;0.2633205161
15.7321931355;-0.1972838073;10.2375497480;0.3209946999
15.7421000582;-0.2020795808;10.2085318606;0.3690565197
15.7520069808;-0.1828964868;10.1698413441;0.3450256098
15.7619139034;-0.1733049399;10.1408234568;0.3978936117
15.7718208261;-0.1828964868;10.1166418840;0.3690565197
15.7817277487;-0.1828964868;10.1021329403;0.3690565197
15.7916346713;-0.1733049399;10.0682787383;0.3594441558
15.8015415939;-0.1828964868;10.0440971655;0.2825452440
15.8114485166;-0.1972838073;10.0150792781;0.2729328800
15.8213554392;-0.2260584482;10.0054066490;0.2200648782
15.8312623618;-0.2452415422;9.9667161325;0.1960339683
15.8411692845;-0.2692204096;9.9280256160;0.1671968763
15.8510762071;-0.2836077300;9.8796624704;0.1623906944
15.8609831297;-0.3075865975;9.8312993247;0.1575845124
15.8708900524;-0.3411570119;9.7926088082;0.1720030583
15.8807969750;-0.3603401058;9.7539182917;0.1816154223
15.8907038976;-0.3747274263;9.7103914607;0.2489019701
15.9006108202;-0.4082978407;9.6281741131;0.2777390620
15.9105177429;-0.4226851611;9.5943199112;0.3498317918
15.9204246655;-0.4082978407;9.5169388782;0.4171183396
15.9303315881;-0.3843189732;9.4830846762;0.4699863414
15.9402385108;-0.4035020672;9.4492304743;0.5276605253
15.9501454334;-0.3651358793;9.4250489015;0.5805285271
15.9600523560;-0.3555443323;9.4153762723;0.6526212569
15.9699592787;-0.3171781444;9.3960310141;0.6814583488
15.9798662013;-0.2644246361;9.4202125869;0.7439387146
15.9897731239;-0.2596288626;9.4202125869;0.7391325326
15.9996800465;-0.2260584482;9.4298852160;0.7631634426
16.0095869692;-0.1972838073;9.4492304743;0.7247139867
16.0194938918;-0.1733049399;9.4637394180;0.7199078047
16.0294008144;-0.1349387520;9.4830846762;0.6910707128
16.0393077371;-0.1157556581;9.4782483617;0.6526212569
16.0492146597;-0.0821852437;9.5169388782;0.6045594370
16.0591215823;-0.0821852437;9.5411204510;0.5324667072
16.0690285049;-0.0630021497;9.6330104277;0.5036296153
16.0789354276;-0.0630021497;9.6426830568;0.4363430675
16.0888423502;-0.0534106027;9.7103914607;0.3834750657
16.0987492728;-0.0486148293;9.7780998645;0.3498317918
16.1086561955;-0.0438190558;9.8312993247;0.3161885179
16.1185631181;-0.0582063762;9.8651535267;0.2921576080
16.1284700407;-0.0534106027;9.8796624704;0.2969637900
16.1383769634;-0.0630021497;9.9135166723;0.3113823359
16.1482838860;-0.0677979232;9.9425345597;0.3209946999
16.1581908086;-0.0630021497;9.9812250762;0.3450256098
16.1680977312;-0.0630021497;9.9618798179;0.3978936117
16.1780046539;-0.0486148293;9.9908977053;0.4603739775
16.1879115765;-0.0582063762;10.0489334801;0.4892110694
16.1978184991;-0.0438190558;10.0876239966;0.5276605253
16.2077254218;-0.0342275088;10.1359871422;0.5564976172
16.2176323444;-0.0150444149;10.1601687150;0.5949470731
16.2275392670;0.0089344526;10.2036955461;0.5661099811
16.2374461896;0.0473006404;10.2568950063;0.5661099811
16.2473531123;0.0568921874;10.2665676354;0.5180481613
16.2572600349;0.1000541488;10.2665676354;0.5228543433
16.2671669575;0.1384203367;10.2714039500;0.4411492495
16.2770738802;0.1576034306;10.3004218373;0.3738627017
16.2869808028;0.1815822980;10.3197670956;0.2873514260
16.2968877254;0.2007653920;10.3584576121;0.2200648782
16.3067946481;0.2103569389;10.3632939267;0.1575845124
16.3167015707;0.2295400329;10.3584576121;0.0614608727
16.3266084933;0.2295400329;10.3681302412;0.0085928708
16.3365154159;0.2247442594;10.3487849830;-0.0490813130
16.3464223386;0.2391315798;10.3536212975;-0.1163678608
16.3563292612;0.2151527124;10.3149307810;-0.1355925887
16.3662361838;0.2151527124;10.2810765791;-0.1452049527
16.3761431065;0.2007653920;10.2472223771;-0.1596234987
16.3860500291;0.1815822980;10.2133681752;-0.1355925887
16.3959569517;0.1528076571;10.1504960859;-0.1500111347
16.4058638743;0.1432161101;10.1118055694;-0.0971431329
16.4157707970;0.1432161101;10.0876239966;-0.0683060409
16.4256777196;0.1048499223;10.0682787383;-0.0298565851
16.4355846422;0.1144414692;10.0199155927;-0.0202442211
16.4454915649;0.0856668283;9.9473708743;0.0326237808
16.4553984875;0.0856668283;9.8941714141;0.0566546907
16.4653054101;0.0952583753;9.8844987849;0.0614608727
16.4752123328;0.0760752814;9.8458082684;0.0470423267
16.4851192554;0.0952583753;9.7974451228;0.0374299627
16.4950261780;0.0856668283;9.7732635500;0.0133990528
16.5049331006;0.0952583753;9.7539182917;-0.0298565851
16.5148400233;0.1240330162;9.7442456626;-0.0490813130
16.5247469459;0.1144414692;9.7539182917;-0.1211740428
16.5346538685;0.1336245632;9.7345730335;-0.1836544086
16.5445607912;0.1288287897;9.7249004044;-0.2317162285
16.5544677138;0.1384203367;9.7249004044;-0.2845842303
16.5643746364;0.1528076571;9.7200640898;-0.3134213222
16.5742815590;0.1288287897;9.6910462024;-0.3903202340
16.5841884817;0.1240330162;9.6813735733;-0.4143511439
16.5940954043;0.1240330162;9.6862098879;-0.3999325979
16.6040023269;0.1048499223;9.6862098879;-0.4239635079
16.6139092496;0.1000541488;9.7152277752;-0.4095449619
16.6238161722;0.0760752814;9.7103914607;-0.4143511439
16.6337230948;0.0568921874;9.7345730335;-0.3951264160
16.6436300175;0.0185259995;9.7442456626;-0.3374522321
16.6535369401;-0.0102486414;9.7587546063;-0.3038089582
16.6634438627;-0.0246359618;9.7684272354;-0.2605533204
16.6733507853;-0.0486148293;9.7926088082;-0.2028791365
16.6832577080;-0.0773894702;9.7829361791;-0.1403987707
16.6931646306;-0.1061641111;9.7926088082;-0.0875307689
16.7030715532;-0.1205514315;9.8022814374;-0.0538874950
16.7129784759;-0.1637133929;9.8409719539;-0.0154380391
16.7228853985;-0.1781007134;9.8990077286;0.0614608727
16.7327923211;-0.1924880338;9.9231893014;0.0566546907
16.7426992437;-0.1876922603;9.9570435034;0.0614608727
16.7526061664;-0.2068753543;10.0054066490;0.0662670546
16.7625130890;-0.2116711278;10.0247519073;0.0278175988
16.7724200116;-0.2164669012;10.0682787383;0.0133990528
16.7823269343;-0.2020795808;10.0876239966;-0.0586936770
16.7922338569;-0.2020795808;10.1166418840;-0.0538874950
16.8021407795;-0.1781007134;10.1408234568;-0.0971431329
16.8120477022;-0.1685091664;10.1843502878;-0.1211740428
16.8219546248;-0.1733049399;10.1940229170;-0.1548173167
16.8318615474;-0.1493260725;10.2568950063;-0.1644296807
16.8417684700;-0.1445302990;10.2665676354;-0.1500111347
16.8516753927;-0.1541218459;10.2762402645;-0.1307864068
16.8615823153;-0.1397345255;10.2568950063;-0.1019493148
16.8714892379;-0.1541218459;10.2472223771;-0.0683060409
16.8813961606;-0.1445302990;10.2375497480;-0.0106318571
16.8913030832;-0.1589176194;10.2182044898;0.0566546907
16.9012100058;-0.1685091664;10.1746776587;0.1335536024
16.9111169284;-0.1924880338;10.1504960859;0.2104525142
16.9210238511;-0.2212626747;10.1069692548;0.2921576080
16.9309307737;-0.2116711278;10.0827876820;0.3642503378
16.9408376963;-0.2212626747;10.0682787383;0.4459554315
16.9507446190;-0.2404457687;10.0344245364;0.5036296153
16.9606515416;-0.2740161831;9.9908977053;0.5661099811
16.9705584642;-0.2596288626;9.9860613908;0.5805285271
16.9804653869;-0.2644246361;9.9425345597;0.6093656190
16.9903723095;-0.2740161831;9.9183529869;0.5997532550
17.0002792321;-0.2836077300;9.9038440432;0.5949470731
17.0101861547;-0.2596288626;9.8603172121;0.5564976172
17.0200930774;NaN;NaN;NaN