Time (s);Pressure (kPa)
0.0099590643;102.1747746810;18.8317757009
0.0199181287;101.6833344280;18.4579439252
0.0298771930;102.0406036293;18.2710280374
0.0398362573;101.8173320564;18.4579439252
0.0497953216;102.1747746810;18.8317757009
0.0597543860;101.6833344280;18.4579439252
0.0697134503;102.0406036293;18.2710280374
0.0796725146;101.9513296848;18.4579439252
0.0896315789;101.9066606729;18.2710280374
0.0995906433;101.8173320564;18.4579439252
0.1095497076;101.6387747600;18.2710280374
0.1195087719;101.6833344280;18.4579439252
0.1294678363;101.6387747600;18.2710280374
0.1394269006;101.6387747600;18.2710280374
0.1493859649;101.6387747600;18.2710280374
0.1593450292;101.9513296848;18.4579439252
0.1693040936;101.9066606729;18.2710280374
0.1792631579;101.7727177164;18.2710280374
0.1892222222;101.9065607363;18.8317757009
0.1991812865;101.7278940960;18.6448598131
0.2091403509;101.8619463963;18.6448598131
0.2190994152;101.9066606729;18.2710280374
0.2290584795;101.9959986967;18.6448598131
0.2390175439;101.9513296848;18.4579439252
0.2489766082;101.7727177164;18.2710280374
0.2589356725;101.8173320564;18.4579439252
0.2688947368;101.7281033764;18.0841121495
0.2788538012;102.1745465858;18.2710280374
0.2888128655;101.9066606729;18.2710280374
0.2987719298;101.8619463963;18.6448598131
0.3087309942;101.8619463963;18.6448598131
0.3186900585;101.6387747600;18.2710280374
0.3286491228;101.7281033764;18.0841121495
0.3386081871;101.9513296848;18.4579439252
0.3485672515;101.5942150920;18.0841121495
0.3585263158;101.6833344280;18.4579439252
0.3684853801;101.6387747600;18.2710280374
0.3784444444;101.7727177164;18.2710280374
0.3884035088;101.7278940960;18.6448598131
0.3983625731;101.8619916609;18.0841121495
0.4083216374;101.6833344280;18.4579439252
0.4182807018;101.6387747600;18.2710280374
0.4282397661;101.8173320564;18.4579439252
0.4381988304;101.7727177164;18.2710280374
0.4481578947;101.7727177164;18.2710280374
0.4581169591;101.6387747600;18.2710280374
0.4680760234;101.6833344280;18.4579439252
0.4780350877;101.6833344280;18.4579439252
0.4879941520;101.9959986967;18.6448598131
0.4979532164;101.8619463963;18.6448598131
0.5079122807;101.7278940960;18.6448598131
0.5178713450;101.8173320564;18.4579439252
0.5278304094;101.9513296848;18.4579439252
0.5377894737;101.7727177164;18.2710280374
0.5477485380;101.8173320564;18.4579439252
0.5577076023;101.7727177164;18.2710280374
0.5676666667;102.0853273132;18.4579439252
0.5776257310;101.6833344280;18.4579439252
0.5875847953;101.9513296848;18.4579439252
0.5975438596;101.9066606729;18.2710280374
0.6075029240;101.7727177164;18.2710280374
0.6174619883;101.8619463963;18.6448598131
0.6274210526;102.0853273132;18.4579439252
0.6373801170;101.7278940960;18.6448598131
0.6473391813;101.9513296848;18.4579439252
0.6572982456;101.5493367995;18.4579439252
0.6672573099;101.8619916609;18.0841121495
0.6772163743;101.8173320564;18.4579439252
0.6871754386;101.7278940960;18.6448598131
0.6971345029;101.7724537640;18.8317757009
0.7070935673;101.8173320564;18.4579439252
0.7170526316;101.8173320564;18.4579439252
0.7270116959;101.9513296848;18.4579439252
0.7369707602;101.8173320564;18.4579439252
0.7469298246;101.7724537640;18.8317757009
0.7568888889;101.8619463963;18.6448598131
0.7668479532;101.8173320564;18.4579439252
0.7768070175;101.6387747600;18.2710280374
0.7867660819;101.9513296848;18.4579439252
0.7967251462;101.9513296848;18.4579439252
0.8066842105;101.6833344280;18.4579439252
0.8166432749;101.8619463963;18.6448598131
0.8266023392;101.8173320564;18.4579439252
0.8365614035;101.9066606729;18.2710280374
0.8465204678;101.6833344280;18.4579439252
0.8564795322;101.9513296848;18.4579439252
0.8664385965;101.6833344280;18.4579439252
0.8763976608;101.6387747600;18.2710280374
0.8863567251;101.7724537640;18.8317757009
0.8963157895;101.9513296848;18.4579439252
0.9062748538;101.6833344280;18.4579439252
0.9162339181;101.8173320564;18.4579439252
0.9261929825;101.7727177164;18.2710280374
0.9361520468;101.9065607363;18.8317757009
0.9461111111;101.6833344280;18.4579439252
0.9560701754;101.8173320564;18.4579439252
0.9660292398;101.5493367995;18.4579439252
0.9759883041;101.8173320564;18.4579439252
0.9859473684;101.9513296848;18.4579439252
0.9959064327;102.0406677087;18.8317757009
1.0058654971;101.9066606729;18.2710280374
1.0158245614;101.8173320564;18.4579439252
1.0257836257;101.6833344280;18.4579439252
1.0357426901;101.6834890365;17.8971962617
1.0457017544;101.7278940960;18.6448598131
1.0556608187;101.8173320564;18.4579439252
1.0656198830;102.0406036293;18.2710280374
1.0755789474;101.8619916609;18.0841121495
1.0855380117;101.6833344280;18.4579439252
1.0954970760;101.9066606729;18.2710280374
1.1054561404;101.7278940960;18.6448598131
1.1154152047;101.5493367995;18.4579439252
1.1253742690;102.1297682299;18.0841121495
1.1353333333;101.8173320564;18.4579439252
1.1452923977;101.7281033764;18.0841121495
1.1552514620;101.9513296848;18.4579439252
1.1652105263;101.7727177164;18.2710280374
1.1751695906;101.6833344280;18.4579439252
1.1851286550;101.6833344280;18.4579439252
1.1950877193;101.7278940960;18.6448598131
1.2050467836;102.0406036293;18.2710280374
1.2150058480;101.8173320564;18.4579439252
1.2249649123;101.6833344280;18.4579439252
1.2349239766;101.6383467916;18.8317757009
1.2448830409;101.8619916609;18.0841121495
1.2548421053;101.6833344280;18.4579439252
1.2648011696;101.7727177164;18.2710280374
1.2747602339;101.6387747600;18.2710280374
1.2847192982;101.8619463963;18.6448598131
1.2946783626;101.7727177164;18.2710280374
1.3046374269;101.6833344280;18.4579439252
1.3145964912;101.9065607363;18.8317757009
1.3245555556;101.9513296848;18.4579439252
1.3345146199;101.8173320564;18.4579439252
1.3444736842;101.8173320564;18.4579439252
1.3544327485;101.8173320564;18.4579439252
1.3643918129;101.6833344280;18.4579439252
1.3743508772;101.9513296848;18.4579439252
1.3843099415;101.6833344280;18.4579439252
1.3942690058;101.7727177164;18.2710280374
1.4042280702;101.5493367995;18.4579439252
1.4141871345;101.8619463963;18.6448598131
1.4241461988;101.9066606729;18.2710280374
1.4341052632;101.9513296848;18.4579439252
1.4440643275;101.6387747600;18.2710280374
1.4540233918;101.7727177164;18.2710280374
1.4639824561;101.8173320564;18.4579439252
1.4739415205;101.6834890365;17.8971962617
1.4839005848;101.7727177164;18.2710280374
1.4938596491;101.6387747600;18.2710280374
1.5038187135;101.8173320564;18.4579439252
1.5137777778;101.6387747600;18.2710280374
1.5237368421;101.8173320564;18.4579439252
1.5336959064;101.6387747600;18.2710280374
1.5436549708;101.8173320564;18.4579439252
1.5536140351;101.8173320564;18.4579439252
1.5635730994;101.6833344280;18.4579439252
1.5735321637;101.9065607363;18.8317757009
1.5834912281;101.8173320564;18.4579439252
1.5934502924;101.7727177164;18.2710280374
1.6034093567;101.9513296848;18.4579439252
1.6133684211;101.7727177164;18.2710280374
1.6233274854;101.8173320564;18.4579439252
1.6332865497;101.9958799454;18.0841121495
1.6432456140;101.9959986967;18.6448598131
1.6532046784;101.8173320564;18.4579439252
1.6631637427;101.6387747600;18.2710280374
1.6731228070;101.6833344280;18.4579439252
1.6830818713;101.6833344280;18.4579439252
1.6930409357;101.8173320564;18.4579439252
1.7030000000;101.7727177164;18.2710280374
1.7129590643;101.7727177164;18.2710280374
1.7229181287;101.8173320564;18.4579439252
1.7328771930;101.8173320564;18.4579439252
1.7428362573;101.6833344280;18.4579439252
1.7527953216;101.9513296848;18.4579439252
1.7627543860;101.8173320564;18.4579439252
1.7727134503;101.9513296848;18.4579439252
1.7826725146;101.8173320564;18.4579439252
1.7926315789;101.7727177164;18.2710280374
1.8025906433;101.6387747600;18.2710280374
1.8125497076;101.7727177164;18.2710280374
1.8225087719;101.6833344280;18.4579439252
1.8324678363;101.9513296848;18.4579439252
1.8424269006;101.8173320564;18.4579439252
1.8523859649;101.8173320564;18.4579439252
1.8623450292;101.8173320564;18.4579439252
1.8723040936;102.1300509971;18.6448598131
1.8822631579;101.8173320564;18.4579439252
1.8922222222;101.8173320564;18.4579439252
1.9021812865;101.9959986967;18.6448598131
1.9121403509;101.9959986967;18.6448598131
1.9220994152;101.5942150920;18.0841121495
1.9320584795;101.7727177164;18.2710280374
1.9420175439;101.8173320564;18.4579439252
1.9519766082;101.7281033764;18.0841121495
1.9619356725;101.9959986967;18.6448598131
1.9718947368;101.5493367995;18.4579439252
1.9818538012;101.8173320564;18.4579439252
1.9918128655;101.6387747600;18.2710280374
2.0017719298;101.8619463963;18.6448598131
2.0117309942;101.7727177164;18.2710280374
2.0216900585;101.7278940960;18.6448598131
2.0316491228;101.9066606729;18.2710280374
2.0416081871;101.6834890365;17.8971962617
2.0515672515;102.0853273132;18.4579439252
2.0615263158;101.8173320564;18.4579439252
2.0714853801;101.7727177164;18.2710280374
2.0814444444;101.7278940960;18.6448598131
2.0914035088;101.8173320564;18.4579439252
2.1013625731;101.5493367995;18.4579439252
2.1113216374;101.9513296848;18.4579439252
2.1212807018;101.6387747600;18.2710280374
2.1312397661;101.8173320564;18.4579439252
2.1411988304;101.6833344280;18.4579439252
2.1511578947;101.8173320564;18.4579439252
2.1611169591;102.1297682299;18.0841121495
2.1710760234;101.7727177164;18.2710280374
2.1810350877;101.6387747600;18.2710280374
2.1909941520;101.8173320564;18.4579439252
2.2009532164;101.6833344280;18.4579439252
2.2109122807;101.8173320564;18.4579439252
2.2208713450;101.8619463963;18.6448598131
2.2308304094;102.2193249416;18.4579439252
2.2407894737;101.8619463963;18.6448598131
2.2507485380;101.9066606729;18.2710280374
2.2607076023;101.7727177164;18.2710280374
2.2706666667;101.6387747600;18.2710280374
2.2806257310;101.8173320564;18.4579439252
2.2905847953;101.6387747600;18.2710280374
2.3005438596;101.6833344280;18.4579439252
2.3105029240;101.9513296848;18.4579439252
2.3204619883;101.9066606729;18.2710280374
2.3304210526;101.8173320564;18.4579439252
2.3403801170;101.6387747600;18.2710280374
2.3503391813;101.7727177164;18.2710280374
2.3602982456;101.6833344280;18.4579439252
2.3702573099;101.8173320564;18.4579439252
2.3802163743;102.0853273132;18.4579439252
2.3901754386;101.8173320564;18.4579439252
2.4001345029;101.6833344280;18.4579439252
2.4100935673;101.7278940960;18.6448598131
2.4200526316;101.7278940960;18.6448598131
2.4300116959;101.8173320564;18.4579439252
2.4399707602;101.6833344280;18.4579439252
2.4499298246;101.8619463963;18.6448598131
2.4598888889;101.9513296848;18.4579439252
2.4698479532;101.7727177164;18.2710280374
2.4798070175;102.1300509971;18.6448598131
2.4897660819;101.8173320564;18.4579439252
2.4997251462;101.5938417956;18.6448598131
2.5096842105;101.6383467916;18.8317757009
2.5196432749;101.8173320564;18.4579439252
2.5296023392;101.9959986967;18.6448598131
2.5395614035;102.0853273132;18.4579439252
2.5495204678;101.7727177164;18.2710280374
2.5594795322;102.0853273132;18.4579439252
2.5694385965;101.6387747600;18.2710280374
2.5793976608;101.9066606729;18.2710280374
2.5893567251;101.9959986967;18.6448598131
2.5993157895;101.6387747600;18.2710280374
2.6092748538;101.9513296848;18.4579439252
2.6192339181;101.9513296848;18.4579439252
2.6291929825;101.9513296848;18.4579439252
2.6391520468;101.6833344280;18.4579439252
2.6491111111;101.6833344280;18.4579439252
2.6590701754;101.7727177164;18.2710280374
2.6690292398;101.7281033764;18.0841121495
2.6789883041;101.8173320564;18.4579439252
2.6889473684;101.6833344280;18.4579439252
2.6989064327;101.5938417956;18.6448598131
2.7088654971;101.9513296848;18.4579439252
2.7188245614;101.8173320564;18.4579439252
2.7287836257;101.9065607363;18.8317757009
2.7387426901;101.6833344280;18.4579439252
2.7487017544;101.7724537640;18.8317757009
2.7586608187;101.9959986967;18.6448598131
2.7686198830;101.6833344280;18.4579439252
2.7785789474;101.6833344280;18.4579439252
2.7885380117;101.9959986967;18.6448598131
2.7984970760;101.6833344280;18.4579439252
2.8084561404;101.5942150920;18.0841121495
2.8184152047;101.6833344280;18.4579439252
2.8283742690;101.7727177164;18.2710280374
2.8383333333;101.7727177164;18.2710280374
2.8482923977;101.8173320564;18.4579439252
2.8582514620;101.7727177164;18.2710280374
2.8682105263;101.8173320564;18.4579439252
2.8781695906;101.6833344280;18.4579439252
2.8881286550;101.7727177164;18.2710280374
2.8980877193;101.8173320564;18.4579439252
2.9080467836;101.9513296848;18.4579439252
2.9180058480;101.7727177164;18.2710280374
2.9279649123;101.8173320564;18.4579439252
2.9379239766;102.0406677087;18.8317757009
2.9478830409;101.9065607363;18.8317757009
2.9578421053;101.6833344280;18.4579439252
2.9678011696;101.8173320564;18.4579439252
2.9777602339;101.8173320564;18.4579439252
2.9877192982;101.9066606729;18.2710280374
2.9976783626;101.6833344280;18.4579439252
3.0076374269;101.8173320564;18.4579439252
3.0175964912;101.5493367995;18.4579439252
3.0275555556;101.9513296848;18.4579439252
3.0375146199;101.9513296848;18.4579439252
3.0474736842;101.6833344280;18.4579439252
3.0574327485;101.6387747600;18.2710280374
3.0673918129;101.8173320564;18.4579439252
3.0773508772;101.9066606729;18.2710280374
3.0873099415;102.1300509971;18.6448598131
3.0972690058;101.8173320564;18.4579439252
3.1072280702;101.7727177164;18.2710280374
3.1171871345;101.8619463963;18.6448598131
3.1271461988;101.8173320564;18.4579439252
3.1371052632;101.7727177164;18.2710280374
3.1470643275;101.6387747600;18.2710280374
3.1570233918;101.8173320564;18.4579439252
3.1669824561;101.6833344280;18.4579439252
3.1769415205;101.9513296848;18.4579439252
3.1869005848;101.9959986967;18.6448598131
3.1968596491;101.8173320564;18.4579439252
3.2068187135;101.8619463963;18.6448598131
3.2167777778;101.8173320564;18.4579439252
3.2267368421;101.6833344280;18.4579439252
3.2366959064;101.6833344280;18.4579439252
3.2466549708;101.9066606729;18.2710280374
3.2566140351;101.6387747600;18.2710280374
3.2665730994;101.8173320564;18.4579439252
3.2765321637;101.7727177164;18.2710280374
3.2864912281;101.7727177164;18.2710280374
3.2964502924;102.0853273132;18.4579439252
3.3064093567;101.9959986967;18.6448598131
3.3163684211;101.8173320564;18.4579439252
3.3263274854;101.8173320564;18.4579439252
3.3362865497;101.7727177164;18.2710280374
3.3462456140;101.6833344280;18.4579439252
3.3562046784;101.9066606729;18.2710280374
3.3661637427;101.8619463963;18.6448598131
3.3761228070;101.6833344280;18.4579439252
3.3860818713;101.9959986967;18.6448598131
3.3960409357;101.7727177164;18.2710280374
3.4060000000;101.8173320564;18.4579439252
3.4159590643;101.6833344280;18.4579439252
3.4259181287;101.7724537640;18.8317757009
3.4358771930;101.6833344280;18.4579439252
3.4458362573;101.8173320564;18.4579439252
3.4557953216;101.8173320564;18.4579439252
3.4657543860;101.6387747600;18.2710280374
3.4757134503;102.2193249416;18.4579439252
3.4856725146;101.9513296848;18.4579439252
3.4956315789;101.8173320564;18.4579439252
3.5055906433;101.9065607363;18.8317757009
3.5155497076;101.8173320564;18.4579439252
3.5255087719;102.2641032975;18.6448598131
3.5354678363;101.9513296848;18.4579439252
3.5454269006;101.9065607363;18.8317757009
3.5553859649;101.9066606729;18.2710280374
3.5653450292;101.9065607363;18.8317757009
3.5753040936;101.8173320564;18.4579439252
3.5852631579;101.6833344280;18.4579439252
3.5952222222;101.6833344280;18.4579439252
3.6051812865;101.6387747600;18.2710280374
3.6151403509;101.8173320564;18.4579439252
3.6250994152;101.9065607363;18.8317757009
3.6350584795;101.5493367995;18.4579439252
3.6450175439;101.8173320564;18.4579439252
3.6549766082;101.6833344280;18.4579439252
3.6649356725;101.8619463963;18.6448598131
3.6748947368;101.6833344280;18.4579439252
3.6848538012;101.8619463963;18.6448598131
3.6948128655;101.6833344280;18.4579439252
3.7047719298;101.8619463963;18.6448598131
3.7147309942;101.7727177164;18.2710280374
3.7246900585;101.8173320564;18.4579439252
3.7346491228;101.9513296848;18.4579439252
3.7446081871;101.8173320564;18.4579439252
3.7545672515;101.7724537640;18.8317757009
3.7645263158;101.7278940960;18.6448598131
3.7744853801;101.9959986967;18.6448598131
3.7844444444;101.9959986967;18.6448598131
3.7944035088;101.7278940960;18.6448598131
3.8043625731;101.6387747600;18.2710280374
3.8143216374;102.0853273132;18.4579439252
3.8242807018;101.6833344280;18.4579439252
3.8342397661;101.7278940960;18.6448598131
3.8441988304;101.8173320564;18.4579439252
3.8541578947;101.7727177164;18.2710280374
3.8641169591;101.8173320564;18.4579439252
3.8740760234;101.5493367995;18.4579439252
3.8840350877;101.6833344280;18.4579439252
3.8939941520;101.6833344280;18.4579439252
3.9039532164;101.8173320564;18.4579439252
3.9139122807;101.8619463963;18.6448598131
3.9238713450;101.8619463963;18.6448598131
3.9338304094;101.6387747600;18.2710280374
3.9437894737;101.8173320564;18.4579439252
3.9537485380;101.8173320564;18.4579439252
3.9637076023;101.8173320564;18.4579439252
3.9736666667;101.8619463963;18.6448598131
3.9836257310;101.5942150920;18.0841121495
3.9935847953;101.6833344280;18.4579439252
4.0035438596;101.8173320564;18.4579439252
4.0135029240;101.9513296848;18.4579439252
4.0234619883;101.7727177164;18.2710280374
4.0334210526;101.8173320564;18.4579439252
4.0433801170;101.8173320564;18.4579439252
4.0533391813;101.7724537640;18.8317757009
4.0632982456;101.6833344280;18.4579439252
4.0732573099;102.1745465858;18.2710280374
4.0832163743;101.9513296848;18.4579439252
4.0931754386;101.8619463963;18.6448598131
4.1031345029;101.8173320564;18.4579439252
4.1130935673;101.8173320564;18.4579439252
4.1230526316;101.8173320564;18.4579439252
4.1330116959;101.6833344280;18.4579439252
4.1429707602;101.6387747600;18.2710280374
4.1529298246;101.8173320564;18.4579439252
4.1628888889;101.7281033764;18.0841121495
4.1728479532;101.6833344280;18.4579439252
4.1828070175;101.8173320564;18.4579439252
4.1927660819;101.8173320564;18.4579439252
4.2027251462;101.8173320564;18.4579439252
4.2126842105;101.6833344280;18.4579439252
4.2226432749;102.0406036293;18.2710280374
4.2326023392;101.7727177164;18.2710280374
4.2425614035;101.6387747600;18.2710280374
4.2525204678;101.6387747600;18.2710280374
4.2624795322;101.6833344280;18.4579439252
4.2724385965;101.9513296848;18.4579439252
4.2823976608;101.6833344280;18.4579439252
4.2923567251;101.5942150920;18.0841121495
4.3023157895;101.6833344280;18.4579439252
4.3122748538;101.7727177164;18.2710280374
4.3222339181;101.9513296848;18.4579439252
4.3321929825;102.0853273132;18.4579439252
4.3421520468;101.7278940960;18.6448598131
4.3521111111;101.9959986967;18.6448598131
4.3620701754;101.6833344280;18.4579439252
4.3720292398;101.7278940960;18.6448598131
4.3819883041;101.8173320564;18.4579439252
4.3919473684;101.7727177164;18.2710280374
4.4019064327;101.5938417956;18.6448598131
4.4118654971;101.7727177164;18.2710280374
4.4218245614;101.6833344280;18.4579439252
4.4317836257;101.8173320564;18.4579439252
4.4417426901;101.8173320564;18.4579439252
4.4517017544;102.0853273132;18.4579439252
4.4616608187;101.6833344280;18.4579439252
4.4716198830;102.0853273132;18.4579439252
4.4815789474;101.7281033764;18.0841121495
4.4915380117;101.8173320564;18.4579439252
4.5014970760;101.7727177164;18.2710280374
4.5114561404;101.8173320564;18.4579439252
4.5214152047;101.7727177164;18.2710280374
4.5313742690;101.8173320564;18.4579439252
4.5413333333;101.7727177164;18.2710280374
4.5512923977;102.2193249416;18.4579439252
4.5612514620;101.6833344280;18.4579439252
4.5712105263;101.6387747600;18.2710280374
4.5811695906;101.7281033764;18.0841121495
4.5911286550;101.8173320564;18.4579439252
4.6010877193;102.0853273132;18.4579439252
4.6110467836;101.8619463963;18.6448598131
4.6210058480;101.9065607363;18.8317757009
4.6309649123;101.7278940960;18.6448598131
4.6409239766;101.8173320564;18.4579439252
4.6508830409;101.6833344280;18.4579439252
4.6608421053;101.6833344280;18.4579439252
4.6708011696;101.7727177164;18.2710280374
4.6807602339;101.8173320564;18.4579439252
4.6907192982;101.8173320564;18.4579439252
4.7006783626;101.8619463963;18.6448598131
4.7106374269;101.6833344280;18.4579439252
4.7205964912;102.0853273132;18.4579439252
4.7305555556;101.8619463963;18.6448598131
4.7405146199;102.0406677087;18.8317757009
4.7504736842;101.6833344280;18.4579439252
4.7604327485;101.5493367995;18.4579439252
4.7703918129;101.8173320564;18.4579439252
4.7803508772;101.8619463963;18.6448598131
4.7903099415;101.8173320564;18.4579439252
4.8002690058;101.6833344280;18.4579439252
4.8102280702;102.1300509971;18.6448598131
4.8201871345;101.8173320564;18.4579439252
4.8301461988;101.6833344280;18.4579439252
4.8401052632;101.6833344280;18.4579439252
4.8500643275;101.8173320564;18.4579439252
4.8600233918;101.7278940960;18.6448598131
4.8699824561;101.9513296848;18.4579439252
4.8799415205;101.7278940960;18.6448598131
4.8899005848;101.9959986967;18.6448598131
4.8998596491;101.8173320564;18.4579439252
4.9098187135;101.6833344280;18.4579439252
4.9197777778;101.6387747600;18.2710280374
4.9297368421;101.7278940960;18.6448598131
4.9396959064;101.9513296848;18.4579439252
4.9496549708;101.6833344280;18.4579439252
4.9596140351;101.8619463963;18.6448598131
4.9695730994;101.7727177164;18.2710280374
4.9795321637;101.8173320564;18.4579439252
4.9894912281;101.8173320564;18.4579439252
4.9994502924;101.5048318035;18.2710280374
5.0094093567;101.8173320564;18.4579439252
5.0193684211;101.9513296848;18.4579439252
5.0293274854;101.9959986967;18.6448598131
5.0392865497;101.6383467916;18.8317757009
5.0492456140;101.8173320564;18.4579439252
5.0592046784;101.8173320564;18.4579439252
5.0691637427;101.9513296848;18.4579439252
5.0791228070;101.8619463963;18.6448598131
5.0890818713;102.0406677087;18.8317757009
5.0990409357;101.8619463963;18.6448598131
5.1090000000;101.8173320564;18.4579439252
5.1189590643;101.6387747600;18.2710280374
5.1289181287;101.8619463963;18.6448598131
5.1388771930;101.5048318035;18.2710280374
5.1488362573;101.6833344280;18.4579439252
5.1587953216;101.7281033764;18.0841121495
5.1687543860;101.7278940960;18.6448598131
5.1787134503;102.0406677087;18.8317757009
5.1886725146;101.8619463963;18.6448598131
5.1986315789;101.8173320564;18.4579439252
5.2085906433;101.8173320564;18.4579439252
5.2185497076;101.7278940960;18.6448598131
5.2285087719;101.8173320564;18.4579439252
5.2384678363;101.8173320564;18.4579439252
5.2484269006;101.8173320564;18.4579439252
5.2583859649;101.7278940960;18.6448598131
5.2683450292;101.6833344280;18.4579439252
5.2783040936;101.8619463963;18.6448598131
5.2882631579;101.6833344280;18.4579439252
5.2982222222;101.6833344280;18.4579439252
5.3081812865;101.8619463963;18.6448598131
5.3181403509;101.8619463963;18.6448598131
5.3280994152;101.8173320564;18.4579439252
5.3380584795;101.8619463963;18.6448598131
5.3480175439;101.6833344280;18.4579439252
5.3579766082;101.7727177164;18.2710280374
5.3679356725;101.7727177164;18.2710280374
5.3778947368;102.1300509971;18.6448598131
5.3878538012;101.8173320564;18.4579439252
5.3978128655;101.9066606729;18.2710280374
5.4077719298;102.0853273132;18.4579439252
5.4177309942;102.0853273132;18.4579439252
5.4276900585;101.8619463963;18.6448598131
5.4376491228;101.8619463963;18.6448598131
5.4476081871;101.8173320564;18.4579439252
5.4575672515;102.1300509971;18.6448598131
5.4675263158;101.8619463963;18.6448598131
5.4774853801;101.7724537640;18.8317757009
5.4874444444;101.6833344280;18.4579439252
5.4974035088;101.6833344280;18.4579439252
5.5073625731;101.9959986967;18.6448598131
5.5173216374;101.9513296848;18.4579439252
5.5272807018;101.6833344280;18.4579439252
5.5372397661;101.9066606729;18.2710280374
5.5471988304;101.7278940960;18.6448598131
5.5571578947;101.8173320564;18.4579439252
5.5671169591;101.7727177164;18.2710280374
5.5770760234;101.8619463963;18.6448598131
5.5870350877;101.8173320564;18.4579439252
5.5969941520;101.7727177164;18.2710280374
5.6069532164;101.9513296848;18.4579439252
5.6169122807;101.5493367995;18.4579439252
5.6268713450;101.8619463963;18.6448598131
5.6368304094;101.8619463963;18.6448598131
5.6467894737;101.9513296848;18.4579439252
5.6567485380;101.8619463963;18.6448598131
5.6667076023;101.8173320564;18.4579439252
5.6766666667;101.9513296848;18.4579439252
5.6866257310;101.8173320564;18.4579439252
5.6965847953;101.9066606729;18.2710280374
5.7065438596;101.8619463963;18.6448598131
5.7165029240;101.9065607363;18.8317757009
5.7264619883;101.8619463963;18.6448598131
5.7364210526;101.6833344280;18.4579439252
5.7463801170;101.9513296848;18.4579439252
5.7563391813;101.8173320564;18.4579439252
5.7662982456;101.9513296848;18.4579439252
5.7762573099;101.9513296848;18.4579439252
5.7862163743;101.6833344280;18.4579439252
5.7961754386;101.9066606729;18.2710280374
5.8061345029;101.5942150920;18.0841121495
5.8160935673;101.9065607363;18.8317757009
5.8260526316;101.7727177164;18.2710280374
5.8360116959;101.7724537640;18.8317757009
5.8459707602;101.7724537640;18.8317757009
5.8559298246;101.8619463963;18.6448598131
5.8658888889;102.1300509971;18.6448598131
5.8758479532;101.7724537640;18.8317757009
5.8858070175;101.8173320564;18.4579439252
5.8957660819;101.8173320564;18.4579439252
5.9057251462;102.0406677087;18.8317757009
5.9156842105;101.7278940960;18.6448598131
5.9256432749;101.6833344280;18.4579439252
5.9356023392;101.8173320564;18.4579439252
5.9455614035;101.5493367995;18.4579439252
5.9555204678;101.8619463963;18.6448598131
5.9654795322;101.8173320564;18.4579439252
5.9754385965;101.9513296848;18.4579439252
5.9853976608;101.8619463963;18.6448598131
5.9953567251;101.6833344280;18.4579439252
6.0053157895;101.9958799454;18.0841121495
6.0152748538;101.8173320564;18.4579439252
6.0252339181;101.8619463963;18.6448598131
6.0351929825;101.6833344280;18.4579439252
6.0451520468;101.8173320564;18.4579439252
6.0551111111;101.9066606729;18.2710280374
6.0650701754;101.8173320564;18.4579439252
6.0750292398;101.9065607363;18.8317757009
6.0849883041;101.6387747600;18.2710280374
6.0949473684;101.9959986967;18.6448598131
6.1049064327;101.8619463963;18.6448598131
6.1148654971;101.9959986967;18.6448598131
6.1248245614;101.8619463963;18.6448598131
6.1347836257;101.9065607363;18.8317757009
6.1447426901;101.6387747600;18.2710280374
6.1547017544;101.5942150920;18.0841121495
6.1646608187;101.6833344280;18.4579439252
6.1746198830;101.8173320564;18.4579439252
6.1845789474;101.6387747600;18.2710280374
6.1945380117;102.0853273132;18.4579439252
6.2044970760;101.6833344280;18.4579439252
6.2144561404;101.8173320564;18.4579439252
6.2244152047;101.7278940960;18.6448598131
6.2343742690;101.9513296848;18.4579439252
6.2443333333;101.8173320564;18.4579439252
6.2542923977;101.8619463963;18.6448598131
6.2642514620;101.6383467916;18.8317757009
6.2742105263;101.6387747600;18.2710280374
6.2841695906;101.7727177164;18.2710280374
6.2941286550;102.0853273132;18.4579439252
6.3040877193;101.9513296848;18.4579439252
6.3140467836;101.7278940960;18.6448598131
6.3240058480;101.8619463963;18.6448598131
6.3339649123;101.8173320564;18.4579439252
6.3439239766;101.8173320564;18.4579439252
6.3538830409;101.8619463963;18.6448598131
6.3638421053;101.8173320564;18.4579439252
6.3738011696;101.8173320564;18.4579439252
6.3837602339;101.9065607363;18.8317757009
6.3937192982;101.7727177164;18.2710280374
6.4036783626;102.0853273132;18.4579439252
6.4136374269;102.0406036293;18.2710280374
6.4235964912;101.8173320564;18.4579439252
6.4335555556;101.6833344280;18.4579439252
6.4435146199;101.9959986967;18.6448598131
6.4534736842;102.0853273132;18.4579439252
6.4634327485;101.8619463963;18.6448598131
6.4733918129;101.8173320564;18.4579439252
6.4833508772;102.0406036293;18.2710280374
6.4933099415;101.7278940960;18.6448598131
6.5032690058;101.8619463963;18.6448598131
6.5132280702;101.7278940960;18.6448598131
6.5231871345;101.6833344280;18.4579439252
6.5331461988;101.8173320564;18.4579439252
6.5431052632;102.1300509971;18.6448598131
6.5530643275;101.9959986967;18.6448598131
6.5630233918;101.8619463963;18.6448598131
6.5729824561;101.8619463963;18.6448598131
6.5829415205;101.7278940960;18.6448598131
6.5929005848;101.6833344280;18.4579439252
6.6028596491;101.6833344280;18.4579439252
6.6128187135;101.5493367995;18.4579439252
6.6227777778;101.9513296848;18.4579439252
6.6327368421;101.6833344280;18.4579439252
6.6426959064;101.8173320564;18.4579439252
6.6526549708;101.7278940960;18.6448598131
6.6626140351;101.8619463963;18.6448598131
6.6725730994;101.6833344280;18.4579439252
6.6825321637;101.7278940960;18.6448598131
6.6924912281;101.6833344280;18.4579439252
6.7024502924;101.6387747600;18.2710280374
6.7124093567;101.7724537640;18.8317757009
6.7223684211;101.6833344280;18.4579439252
6.7323274854;102.1300509971;18.6448598131
6.7422865497;101.6387747600;18.2710280374
6.7522456140;102.1300509971;18.6448598131
6.7622046784;101.6833344280;18.4579439252
6.7721637427;101.7727177164;18.2710280374
6.7821228070;101.6833344280;18.4579439252
6.7920818713;101.8173320564;18.4579439252
6.8020409357;101.6833344280;18.4579439252
6.8120000000;101.9066606729;18.2710280374
6.8219590643;101.6833344280;18.4579439252
6.8319181287;101.9959986967;18.6448598131
6.8418771930;101.9959986967;18.6448598131
6.8518362573;101.6833344280;18.4579439252
6.8617953216;101.9959986967;18.6448598131
6.8717543860;101.7278940960;18.6448598131
6.8817134503;101.8173320564;18.4579439252
6.8916725146;101.6833344280;18.4579439252
6.9016315789;101.9065607363;18.8317757009
6.9115906433;102.0853273132;18.4579439252
6.9215497076;101.6833344280;18.4579439252
6.9315087719;101.6833344280;18.4579439252
6.9414678363;101.8173320564;18.4579439252
6.9514269006;101.8619463963;18.6448598131
6.9613859649;101.8619463963;18.6448598131
6.9713450292;101.9959986967;18.6448598131
6.9813040936;101.9513296848;18.4579439252
6.9912631579;101.7727177164;18.2710280374
7.0012222222;101.7278940960;18.6448598131
7.0111812865;101.6387747600;18.2710280374
7.0211403509;101.8619463963;18.6448598131
7.0310994152;101.6833344280;18.4579439252
7.0410584795;101.8173320564;18.4579439252
7.0510175439;101.8619463963;18.6448598131
7.0609766082;101.6833344280;18.4579439252
7.0709356725;101.9959986967;18.6448598131
7.0808947368;101.8173320564;18.4579439252
7.0908538012;101.6387747600;18.2710280374
7.1008128655;101.6833344280;18.4579439252
7.1107719298;101.9959986967;18.6448598131
7.1207309942;101.8173320564;18.4579439252
7.1306900585;101.6387747600;18.2710280374
7.1406491228;101.6833344280;18.4579439252
7.1506081871;101.5493367995;18.4579439252
7.1605672515;101.8619463963;18.6448598131
7.1705263158;101.8173320564;18.4579439252
7.1804853801;101.8173320564;18.4579439252
7.1904444444;101.8619463963;18.6448598131
7.2004035088;101.9959986967;18.6448598131
7.2103625731;101.6387747600;18.2710280374
7.2203216374;101.5493367995;18.4579439252
7.2302807018;101.8173320564;18.4579439252
7.2402397661;101.6833344280;18.4579439252
7.2501988304;101.8619463963;18.6448598131
7.2601578947;101.9513296848;18.4579439252
7.2701169591;101.8173320564;18.4579439252
7.2800760234;101.8619463963;18.6448598131
7.2900350877;102.1300509971;18.6448598131
7.2999941520;101.6833344280;18.4579439252
7.3099532164;101.8619463963;18.6448598131
7.3199122807;101.8173320564;18.4579439252
7.3298713450;101.7724537640;18.8317757009
7.3398304094;101.7727177164;18.2710280374
7.3497894737;101.7278940960;18.6448598131
7.3597485380;101.7278940960;18.6448598131
7.3697076023;101.8619463963;18.6448598131
7.3796666667;101.8619463963;18.6448598131
7.3896257310;101.9513296848;18.4579439252
7.3995847953;101.5942150920;18.0841121495
7.4095438596;101.6833344280;18.4579439252
7.4195029240;101.7278940960;18.6448598131
7.4294619883;101.6833344280;18.4579439252
7.4394210526;101.6833344280;18.4579439252
7.4493801170;102.1300509971;18.6448598131
7.4593391813;102.0406677087;18.8317757009
7.4692982456;101.7278940960;18.6448598131
7.4792573099;101.7727177164;18.2710280374
7.4892163743;101.8619463963;18.6448598131
7.4991754386;101.8173320564;18.4579439252
7.5091345029;101.6833344280;18.4579439252
7.5190935673;101.8173320564;18.4579439252
7.5290526316;101.6833344280;18.4579439252
7.5390116959;101.7281033764;18.0841121495
7.5489707602;101.9065607363;18.8317757009
7.5589298246;102.1747746810;18.8317757009
7.5688888889;101.8173320564;18.4579439252
7.5788479532;101.8173320564;18.4579439252
7.5888070175;101.9513296848;18.4579439252
7.5987660819;101.6833344280;18.4579439252
7.6087251462;101.9513296848;18.4579439252
7.6186842105;101.9066606729;18.2710280374
7.6286432749;101.7278940960;18.6448598131
7.6386023392;101.7727177164;18.2710280374
7.6485614035;101.7727177164;18.2710280374
7.6585204678;101.6833344280;18.4579439252
7.6684795322;101.8173320564;18.4579439252
7.6784385965;101.6833344280;18.4579439252
7.6883976608;102.1747746810;18.8317757009
7.6983567251;101.8173320564;18.4579439252
7.7083157895;101.7727177164;18.2710280374
7.7182748538;101.8173320564;18.4579439252
7.7282339181;102.1747746810;18.8317757009
7.7381929825;101.5938417956;18.6448598131
7.7481520468;101.8173320564;18.4579439252
7.7581111111;101.7727177164;18.2710280374
7.7680701754;101.8173320564;18.4579439252
7.7780292398;101.6833344280;18.4579439252
7.7879883041;101.6833344280;18.4579439252
7.7979473684;101.9513296848;18.4579439252
7.8079064327;102.0853273132;18.4579439252
7.8178654971;101.6833344280;18.4579439252
7.8278245614;101.6833344280;18.4579439252
7.8377836257;101.9513296848;18.4579439252
7.8477426901;101.8173320564;18.4579439252
7.8577017544;101.6833344280;18.4579439252
7.8676608187;101.7278940960;18.6448598131
7.8776198830;101.6387747600;18.2710280374
7.8875789474;101.9066606729;18.2710280374
7.8975380117;102.0406677087;18.8317757009
7.9074970760;101.7278940960;18.6448598131
7.9174561404;101.7281033764;18.0841121495
7.9274152047;101.7278940960;18.6448598131
7.9373742690;101.9513296848;18.4579439252
7.9473333333;101.8619463963;18.6448598131
7.9572923977;101.8619463963;18.6448598131
7.9672514620;101.7281033764;18.0841121495
7.9772105263;101.8619463963;18.6448598131
7.9871695906;101.8619463963;18.6448598131
7.9971286550;101.6833344280;18.4579439252
8.0070877193;101.8173320564;18.4579439252
8.0170467836;101.7278940960;18.6448598131
8.0270058480;101.9513296848;18.4579439252
8.0369649123;101.6387747600;18.2710280374
8.0469239766;102.1747746810;18.8317757009
8.0568830409;101.8619463963;18.6448598131
8.0668421053;101.8173320564;18.4579439252
8.0768011696;101.8619463963;18.6448598131
8.0867602339;101.8619463963;18.6448598131
8.0967192982;101.8173320564;18.4579439252
8.1066783626;101.9513296848;18.4579439252
8.1166374269;101.9959986967;18.6448598131
8.1265964912;101.8173320564;18.4579439252
8.1365555556;101.9513296848;18.4579439252
8.1465146199;101.6833344280;18.4579439252
8.1564736842;102.0406677087;18.8317757009
8.1664327485;101.8173320564;18.4579439252
8.1763918129;101.8619463963;18.6448598131
8.1863508772;101.8173320564;18.4579439252
8.1963099415;102.1300509971;18.6448598131
8.2062690058;102.0853273132;18.4579439252
8.2162280702;101.7278940960;18.6448598131
8.2261871345;101.6833344280;18.4579439252
8.2361461988;101.7724537640;18.8317757009
8.2461052632;102.0406677087;18.8317757009
8.2560643275;101.9513296848;18.4579439252
8.2660233918;101.8619463963;18.6448598131
8.2759824561;101.7278940960;18.6448598131
8.2859415205;101.6383467916;18.8317757009
8.2959005848;101.8619463963;18.6448598131
8.3058596491;101.6833344280;18.4579439252
8.3158187135;101.6833344280;18.4579439252
8.3257777778;101.6833344280;18.4579439252
8.3357368421;101.8619463963;18.6448598131
8.3456959064;101.6833344280;18.4579439252
8.3556549708;101.6387747600;18.2710280374
8.3656140351;102.0406036293;18.2710280374
8.3755730994;101.8619463963;18.6448598131
8.3855321637;101.8173320564;18.4579439252
8.3954912281;101.8173320564;18.4579439252
8.4054502924;101.8619463963;18.6448598131
8.4154093567;101.8619463963;18.6448598131
8.4253684211;101.7278940960;18.6448598131
8.4353274854;101.6833344280;18.4579439252
8.4452865497;101.6833344280;18.4579439252
8.4552456140;102.1300509971;18.6448598131
8.4652046784;101.7727177164;18.2710280374
8.4751637427;101.7278940960;18.6448598131
8.4851228070;101.9959986967;18.6448598131
8.4950818713;101.9513296848;18.4579439252
8.5050409357;101.7278940960;18.6448598131
8.5150000000;101.6833344280;18.4579439252
8.5249590643;101.8619463963;18.6448598131
8.5349181287;101.6833344280;18.4579439252
8.5448771930;101.6833344280;18.4579439252
8.5548362573;101.7724537640;18.8317757009
8.5647953216;101.8173320564;18.4579439252
8.5747543860;101.8173320564;18.4579439252
8.5847134503;101.8173320564;18.4579439252
8.5946725146;101.7278940960;18.6448598131
8.6046315789;101.8173320564;18.4579439252
8.6145906433;101.6387747600;18.2710280374
8.6245497076;101.6833344280;18.4579439252
8.6345087719;101.6833344280;18.4579439252
8.6444678363;101.9513296848;18.4579439252
8.6544269006;101.7727177164;18.2710280374
8.6643859649;101.9959986967;18.6448598131
8.6743450292;101.9065607363;18.8317757009
8.6843040936;101.6833344280;18.4579439252
8.6942631579;101.8619463963;18.6448598131
8.7042222222;101.8173320564;18.4579439252
8.7141812865;101.9959986967;18.6448598131
8.7241403509;101.6833344280;18.4579439252
8.7340994152;101.9065607363;18.8317757009
8.7440584795;101.7278940960;18.6448598131
8.7540175439;101.6833344280;18.4579439252
8.7639766082;101.8619463963;18.6448598131
8.7739356725;101.7727177164;18.2710280374
8.7838947368;101.8173320564;18.4579439252
8.7938538012;101.8619463963;18.6448598131
8.8038128655;101.6833344280;18.4579439252
8.8137719298;101.6833344280;18.4579439252
8.8237309942;101.6833344280;18.4579439252
8.8336900585;101.9959986967;18.6448598131
8.8436491228;101.9065607363;18.8317757009
8.8536081871;101.9513296848;18.4579439252
8.8635672515;102.0406677087;18.8317757009
8.8735263158;101.8173320564;18.4579439252
8.8834853801;101.7727177164;18.2710280374
8.8934444444;101.6833344280;18.4579439252
8.9034035088;101.6833344280;18.4579439252
8.9133625731;101.9959986967;18.6448598131
8.9233216374;101.9959986967;18.6448598131
8.9332807018;101.8619463963;18.6448598131
8.9432397661;101.9065607363;18.8317757009
8.9531988304;101.6833344280;18.4579439252
8.9631578947;101.7724537640;18.8317757009
8.9731169591;102.0853273132;18.4579439252
8.9830760234;101.9513296848;18.4579439252
8.9930350877;101.8173320564;18.4579439252
9.0029941520;101.9513296848;18.4579439252
9.0129532164;101.8173320564;18.4579439252
9.0229122807;101.7727177164;18.2710280374
9.0328713450;101.9959986967;18.6448598131
9.0428304094;101.8619463963;18.6448598131
9.0527894737;101.8173320564;18.4579439252
9.0627485380;101.6833344280;18.4579439252
9.0727076023;101.7278940960;18.6448598131
9.0826666667;101.8173320564;18.4579439252
9.0926257310;101.8619463963;18.6448598131
9.1025847953;101.8173320564;18.4579439252
9.1125438596;101.6833344280;18.4579439252
9.1225029240;101.9066606729;18.2710280374
9.1324619883;101.6833344280;18.4579439252
9.1424210526;101.8173320564;18.4579439252
9.1523801170;102.0853273132;18.4579439252
9.1623391813;101.5493367995;18.4579439252
9.1722982456;101.7727177164;18.2710280374
9.1822573099;101.8173320564;18.4579439252
9.1922163743;101.6833344280;18.4579439252
9.2021754386;101.6833344280;18.4579439252
9.2121345029;101.6833344280;18.4579439252
9.2220935673;101.5493367995;18.4579439252
9.2320526316;101.9959986967;18.6448598131
9.2420116959;101.7281033764;18.0841121495
9.2519707602;101.6833344280;18.4579439252
9.2619298246;101.8173320564;18.4579439252
9.2718888889;101.9513296848;18.4579439252
9.2818479532;101.7278940960;18.6448598131
9.2918070175;101.8619463963;18.6448598131
9.3017660819;101.6833344280;18.4579439252
9.3117251462;101.8173320564;18.4579439252
9.3216842105;101.8619463963;18.6448598131
9.3316432749;101.8619463963;18.6448598131
9.3416023392;101.8619916609;18.0841121495
9.3515614035;101.8173320564;18.4579439252
9.3615204678;101.9959986967;18.6448598131
9.3714795322;101.8173320564;18.4579439252
9.3814385965;101.5493367995;18.4579439252
9.3913976608;101.9511750763;19.0186915888
9.4013567251;101.8619463963;18.6448598131
9.4113157895;102.0853273132;18.4579439252
9.4212748538;101.7278940960;18.6448598131
9.4312339181;101.8173320564;18.4579439252
9.4411929825;101.6833344280;18.4579439252
9.4511520468;101.6833344280;18.4579439252
9.4611111111;101.6833344280;18.4579439252
9.4710701754;101.9065607363;18.8317757009
9.4810292398;101.8173320564;18.4579439252
9.4909883041;101.6387747600;18.2710280374
9.5009473684;101.5938417956;18.6448598131
9.5109064327;101.8173320564;18.4579439252
9.5208654971;101.8173320564;18.4579439252
9.5308245614;101.8619463963;18.6448598131
9.5407836257;101.8173320564;18.4579439252
9.5507426901;101.9065607363;18.8317757009
9.5607017544;101.9958799454;18.0841121495
9.5706608187;101.8173320564;18.4579439252
9.5806198830;101.8173320564;18.4579439252
9.5905789474;102.0853273132;18.4579439252
9.6005380117;101.6833344280;18.4579439252
9.6104970760;101.8619463963;18.6448598131
9.6204561404;101.8173320564;18.4579439252
9.6304152047;101.6833344280;18.4579439252
9.6403742690;101.6833344280;18.4579439252
9.6503333333;101.7278940960;18.6448598131
9.6602923977;102.0853273132;18.4579439252
9.6702514620;101.9513296848;18.4579439252
9.6802105263;101.6387747600;18.2710280374
9.6901695906;101.7278940960;18.6448598131
9.7001286550;101.7278940960;18.6448598131
9.7100877193;101.8173320564;18.4579439252
9.7200467836;101.6387747600;18.2710280374
9.7300058480;101.7278940960;18.6448598131
9.7399649123;101.6383467916;18.8317757009
9.7499239766;101.7278940960;18.6448598131
9.7598830409;101.6833344280;18.4579439252
9.7698421053;101.9513296848;18.4579439252
9.7798011696;101.7724537640;18.8317757009
9.7897602339;101.7724537640;18.8317757009
9.7997192982;101.7278940960;18.6448598131
9.8096783626;101.7727177164;18.2710280374
9.8196374269;101.8173320564;18.4579439252
9.8295964912;101.9959986967;18.6448598131
9.8395555556;101.8173320564;18.4579439252
9.8495146199;101.9959986967;18.6448598131
9.8594736842;101.8173320564;18.4579439252
9.8694327485;101.5493367995;18.4579439252
9.8793918129;102.2193249416;18.4579439252
9.8893508772;101.7724537640;18.8317757009
9.8993099415;101.9513296848;18.4579439252
9.9092690058;101.7278940960;18.6448598131
9.9192280702;101.6833344280;18.4579439252
9.9291871345;101.7278940960;18.6448598131
9.9391461988;101.8619463963;18.6448598131
9.9491052632;101.8619463963;18.6448598131
9.9590643275;101.8173320564;18.4579439252
9.9690233918;101.5942150920;18.0841121495
9.9789824561;101.7278940960;18.6448598131
9.9889415205;102.1300509971;18.6448598131
9.9989005848;101.9065607363;18.8317757009
10.0088596491;101.8619463963;18.6448598131
10.0188187135;101.8619463963;18.6448598131
10.0287777778;101.9513296848;18.4579439252
10.0387368421;101.5938417956;18.6448598131
10.0486959064;101.7278940960;18.6448598131
10.0586549708;101.6833344280;18.4579439252
10.0686140351;101.6833344280;18.4579439252
10.0785730994;101.7278940960;18.6448598131
10.0885321637;101.6833344280;18.4579439252
10.0984912281;101.6833344280;18.4579439252
10.1084502924;102.1300509971;18.6448598131
10.1184093567;101.6833344280;18.4579439252
10.1283684211;101.8173320564;18.4579439252
10.1383274854;101.9513296848;18.4579439252
10.1482865497;101.8173320564;18.4579439252
10.1582456140;101.9065607363;18.8317757009
10.1682046784;101.6833344280;18.4579439252
10.1781637427;101.7278940960;18.6448598131
10.1881228070;101.9959986967;18.6448598131
10.1980818713;101.7278940960;18.6448598131
10.2080409357;101.6833344280;18.4579439252
10.2180000000;101.6833344280;18.4579439252
10.2279590643;101.6383467916;18.8317757009
10.2379181287;101.6833344280;18.4579439252
10.2478771930;101.6833344280;18.4579439252
10.2578362573;101.6833344280;18.4579439252
10.2677953216;101.8173320564;18.4579439252
10.2777543860;101.8173320564;18.4579439252
10.2877134503;101.7278940960;18.6448598131
10.2976725146;101.9959986967;18.6448598131
10.3076315789;101.8173320564;18.4579439252
10.3175906433;101.8619463963;18.6448598131
10.3275497076;101.9513296848;18.4579439252
10.3375087719;101.6833344280;18.4579439252
10.3474678363;101.8619463963;18.6448598131
10.3574269006;101.8173320564;18.4579439252
10.3673859649;101.7724537640;18.8317757009
10.3773450292;101.8619463963;18.6448598131
10.3873040936;101.6833344280;18.4579439252
10.3972631579;101.6833344280;18.4579439252
10.4072222222;101.8619463963;18.6448598131
10.4171812865;101.6833344280;18.4579439252
10.4271403509;101.6833344280;18.4579439252
10.4370994152;101.9513296848;18.4579439252
10.4470584795;101.8173320564;18.4579439252
10.4570175439;101.8619463963;18.6448598131
10.4669766082;101.8619463963;18.6448598131
10.4769356725;101.7278940960;18.6448598131
10.4868947368;101.8619463963;18.6448598131
10.4968538012;101.7278940960;18.6448598131
10.5068128655;101.5493367995;18.4579439252
10.5167719298;102.0853273132;18.4579439252
10.5267309942;101.6833344280;18.4579439252
10.5366900585;101.6833344280;18.4579439252
10.5466491228;101.8173320564;18.4579439252
10.5566081871;101.6833344280;18.4579439252
10.5665672515;101.7278940960;18.6448598131
10.5765263158;101.8173320564;18.4579439252
10.5864853801;101.8173320564;18.4579439252
10.5964444444;101.8619463963;18.6448598131
10.6064035088;101.6833344280;18.4579439252
10.6163625731;101.9511750763;19.0186915888
10.6263216374;102.0853273132;18.4579439252
10.6362807018;101.7724537640;18.8317757009
10.6462397661;101.8173320564;18.4579439252
10.6561988304;101.7278940960;18.6448598131
10.6661578947;101.8619463963;18.6448598131
10.6761169591;101.9959986967;18.6448598131
10.6860760234;101.8173320564;18.4579439252
10.6960350877;101.6833344280;18.4579439252
10.7059941520;101.6833344280;18.4579439252
10.7159532164;101.8173320564;18.4579439252
10.7259122807;101.9065607363;18.8317757009
10.7358713450;101.8173320564;18.4579439252
10.7458304094;101.6833344280;18.4579439252
10.7557894737;101.9513296848;18.4579439252
10.7657485380;101.9065607363;18.8317757009
10.7757076023;101.8173320564;18.4579439252
10.7856666667;101.6833344280;18.4579439252
10.7956257310;101.5938417956;18.6448598131
10.8055847953;101.8173320564;18.4579439252
10.8155438596;101.8619463963;18.6448598131
10.8255029240;101.6833344280;18.4579439252
10.8354619883;101.6833344280;18.4579439252
10.8454210526;101.7278940960;18.6448598131
10.8553801170;101.7281033764;18.0841121495
10.8653391813;101.7278940960;18.6448598131
10.8752982456;101.9959986967;18.6448598131
10.8852573099;101.8619463963;18.6448598131
10.8952163743;101.8619463963;18.6448598131
10.9051754386;101.7724537640;18.8317757009
10.9151345029;101.6833344280;18.4579439252
10.9250935673;101.8619463963;18.6448598131
10.9350526316;101.7724537640;18.8317757009
10.9450116959;101.8619463963;18.6448598131
10.9549707602;101.7278940960;18.6448598131
10.9649298246;101.6833344280;18.4579439252
10.9748888889;101.8173320564;18.4579439252
10.9848479532;101.6833344280;18.4579439252
10.9948070175;101.6833344280;18.4579439252
11.0047660819;101.6833344280;18.4579439252
11.0147251462;101.9959986967;18.6448598131
11.0246842105;101.7724537640;18.8317757009
11.0346432749;101.9065607363;18.8317757009
11.0446023392;101.6833344280;18.4579439252
11.0545614035;101.8619463963;18.6448598131
11.0645204678;101.9959986967;18.6448598131
11.0744795322;101.7278940960;18.6448598131
11.0844385965;101.8619463963;18.6448598131
11.0943976608;101.9065607363;18.8317757009
11.1043567251;101.9513296848;18.4579439252
11.1143157895;101.6387747600;18.2710280374
11.1242748538;101.7727177164;18.2710280374
11.1342339181;101.6833344280;18.4579439252
11.1441929825;101.5938417956;18.6448598131
11.1541520468;101.5493367995;18.4579439252
11.1641111111;101.8173320564;18.4579439252
11.1740701754;101.6833344280;18.4579439252
11.1840292398;101.7278940960;18.6448598131
11.1939883041;101.6833344280;18.4579439252
11.2039473684;101.9065607363;18.8317757009
11.2139064327;101.8173320564;18.4579439252
11.2238654971;101.5938417956;18.6448598131
11.2338245614;102.0406677087;18.8317757009
11.2437836257;101.8619463963;18.6448598131
11.2537426901;101.6833344280;18.4579439252
11.2637017544;102.0853273132;18.4579439252
11.2736608187;101.8173320564;18.4579439252
11.2836198830;101.8173320564;18.4579439252
11.2935789474;101.6833344280;18.4579439252
11.3035380117;101.6387747600;18.2710280374
11.3134970760;101.9959986967;18.6448598131
11.3234561404;101.8173320564;18.4579439252
11.3334152047;101.7278940960;18.6448598131
11.3433742690;101.9959986967;18.6448598131
11.3533333333;101.9513296848;18.4579439252
11.3632923977;101.7724537640;18.8317757009
11.3732514620;101.7278940960;18.6448598131
11.3832105263;101.8619463963;18.6448598131
11.3931695906;101.7278940960;18.6448598131
11.4031286550;101.8173320564;18.4579439252
11.4130877193;101.7278940960;18.6448598131
11.4230467836;101.8619463963;18.6448598131
11.4330058480;101.8173320564;18.4579439252
11.4429649123;101.8619463963;18.6448598131
11.4529239766;101.8619463963;18.6448598131
11.4628830409;101.6833344280;18.4579439252
11.4728421053;101.8173320564;18.4579439252
11.4828011696;101.7278940960;18.6448598131
11.4927602339;101.5942150920;18.0841121495
11.5027192982;101.5938417956;18.6448598131
11.5126783626;101.7278940960;18.6448598131
11.5226374269;101.7278940960;18.6448598131
11.5325964912;101.7278940960;18.6448598131
11.5425555556;101.9959986967;18.6448598131
11.5525146199;101.6387747600;18.2710280374
11.5624736842;101.5938417956;18.6448598131
11.5724327485;101.9065607363;18.8317757009
11.5823918129;101.7278940960;18.6448598131
11.5923508772;102.1300509971;18.6448598131
11.6023099415;101.8173320564;18.4579439252
11.6122690058;102.1300509971;18.6448598131
11.6222280702;101.8173320564;18.4579439252
11.6321871345;101.6833344280;18.4579439252
11.6421461988;101.8619463963;18.6448598131
11.6521052632;101.8173320564;18.4579439252
11.6620643275;101.7278940960;18.6448598131
11.6720233918;101.7278940960;18.6448598131
11.6819824561;101.8619463963;18.6448598131
11.6919415205;101.6833344280;18.4579439252
11.7019005848;101.6833344280;18.4579439252
11.7118596491;101.8173320564;18.4579439252
11.7218187135;101.7278940960;18.6448598131
11.7317777778;101.8619463963;18.6448598131
11.7417368421;101.9959986967;18.6448598131
11.7516959064;101.6833344280;18.4579439252
11.7616549708;101.5048318035;18.2710280374
11.7716140351;101.6833344280;18.4579439252
11.7815730994;101.6833344280;18.4579439252
11.7915321637;101.5493367995;18.4579439252
11.8014912281;102.0853273132;18.4579439252
11.8114502924;101.6833344280;18.4579439252
11.8214093567;101.9066606729;18.2710280374
11.8313684211;101.5938417956;18.6448598131
11.8413274854;101.8619463963;18.6448598131
11.8512865497;102.0406677087;18.8317757009
11.8612456140;101.8173320564;18.4579439252
11.8712046784;101.7278940960;18.6448598131
11.8811637427;101.5493367995;18.4579439252
11.8911228070;102.1747746810;18.8317757009
11.9010818713;101.8619463963;18.6448598131
11.9110409357;102.1747746810;18.8317757009
11.9210000000;101.8619463963;18.6448598131
11.9309590643;101.8619463963;18.6448598131
11.9409181287;101.7278940960;18.6448598131
11.9508771930;101.6833344280;18.4579439252
11.9608362573;101.8619463963;18.6448598131
11.9707953216;101.6387747600;18.2710280374
11.9807543860;101.6833344280;18.4579439252
11.9907134503;101.6833344280;18.4579439252
12.0006725146;101.6833344280;18.4579439252
12.0106315789;101.8173320564;18.4579439252
12.0205906433;101.6833344280;18.4579439252
12.0305497076;101.8619463963;18.6448598131
12.0405087719;101.9959986967;18.6448598131
12.0504678363;101.8173320564;18.4579439252
12.0604269006;101.9065607363;18.8317757009
12.0703859649;101.6833344280;18.4579439252
12.0803450292;101.8173320564;18.4579439252
12.0903040936;101.8619463963;18.6448598131
12.1002631579;102.0406677087;18.8317757009
12.1102222222;101.5942150920;18.0841121495
12.1201812865;101.8619463963;18.6448598131
12.1301403509;101.8619463963;18.6448598131
12.1400994152;101.9513296848;18.4579439252
12.1500584795;101.6387747600;18.2710280374
12.1600175439;101.7724537640;18.8317757009
12.1699766082;101.9959986967;18.6448598131
12.1799356725;101.8619463963;18.6448598131
12.1898947368;102.0406036293;18.2710280374
12.1998538012;101.8173320564;18.4579439252
12.2098128655;101.6833344280;18.4579439252
12.2197719298;101.8173320564;18.4579439252
12.2297309942;101.9959986967;18.6448598131
12.2396900585;102.0406677087;18.8317757009
12.2496491228;101.8619463963;18.6448598131
12.2596081871;101.9513296848;18.4579439252
12.2695672515;101.6833344280;18.4579439252
12.2795263158;101.6833344280;18.4579439252
12.2894853801;101.8173320564;18.4579439252
12.2994444444;101.8173320564;18.4579439252
12.3094035088;101.8173320564;18.4579439252
12.3193625731;101.6387747600;18.2710280374
12.3293216374;101.6387747600;18.2710280374
12.3392807018;102.0406677087;18.8317757009
12.3492397661;101.8619463963;18.6448598131
12.3591988304;101.9959986967;18.6448598131
12.3691578947;101.5942150920;18.0841121495
12.3791169591;101.6833344280;18.4579439252
12.3890760234;101.8173320564;18.4579439252
12.3990350877;101.9065607363;18.8317757009
12.4089941520;101.6833344280;18.4579439252
12.4189532164;101.6833344280;18.4579439252
12.4289122807;101.8173320564;18.4579439252
12.4388713450;101.7724537640;18.8317757009
12.4488304094;101.7278940960;18.6448598131
12.4587894737;101.6387747600;18.2710280374
12.4687485380;101.8173320564;18.4579439252
12.4787076023;101.7278940960;18.6448598131
12.4886666667;101.8619463963;18.6448598131
12.4986257310;101.5938417956;18.6448598131
12.5085847953;101.6833344280;18.4579439252
12.5185438596;101.7278940960;18.6448598131
12.5285029240;101.7278940960;18.6448598131
12.5384619883;101.6833344280;18.4579439252
12.5484210526;101.6833344280;18.4579439252
12.5583801170;101.8173320564;18.4579439252
12.5683391813;101.8619463963;18.6448598131
12.5782982456;101.7278940960;18.6448598131
12.5882573099;101.6833344280;18.4579439252
12.5982163743;101.7278940960;18.6448598131
12.6081754386;101.7727177164;18.2710280374
12.6181345029;101.6833344280;18.4579439252
12.6280935673;102.0853273132;18.4579439252
12.6380526316;101.8619463963;18.6448598131
12.6480116959;101.7724537640;18.8317757009
12.6579707602;101.8619463963;18.6448598131
12.6679298246;101.7278940960;18.6448598131
12.6778888889;101.9513296848;18.4579439252
12.6878479532;101.8619463963;18.6448598131
12.6978070175;101.9513296848;18.4579439252
12.7077660819;101.8173320564;18.4579439252
12.7177251462;101.7727177164;18.2710280374
12.7276842105;101.6833344280;18.4579439252
12.7376432749;101.8619463963;18.6448598131
12.7476023392;101.7278940960;18.6448598131
12.7575614035;101.6833344280;18.4579439252
12.7675204678;101.8173320564;18.4579439252
12.7774795322;101.8619463963;18.6448598131
12.7874385965;101.9959986967;18.6448598131
12.7973976608;101.6833344280;18.4579439252
12.8073567251;101.9959986967;18.6448598131
12.8173157895;101.8173320564;18.4579439252
12.8272748538;101.7278940960;18.6448598131
12.8372339181;101.7727177164;18.2710280374
12.8471929825;101.7278940960;18.6448598131
12.8571520468;102.0853273132;18.4579439252
12.8671111111;101.8619463963;18.6448598131
12.8770701754;101.7278940960;18.6448598131
12.8870292398;101.9065607363;18.8317757009
12.8969883041;101.8619463963;18.6448598131
12.9069473684;102.1300509971;18.6448598131
12.9169064327;101.9065607363;18.8317757009
12.9268654971;101.8173320564;18.4579439252
12.9368245614;101.8173320564;18.4579439252
12.9467836257;101.9065607363;18.8317757009
12.9567426901;101.8173320564;18.4579439252
12.9667017544;101.9065607363;18.8317757009
12.9766608187;101.8173320564;18.4579439252
12.9866198830;101.9959986967;18.6448598131
12.9965789474;101.6833344280;18.4579439252
13.0065380117;101.8173320564;18.4579439252
13.0164970760;101.7278940960;18.6448598131
13.0264561404;101.8619463963;18.6448598131
13.0364152047;101.6387747600;18.2710280374
13.0463742690;101.8173320564;18.4579439252
13.0563333333;102.0853273132;18.4579439252
13.0662923977;101.8619463963;18.6448598131
13.0762514620;101.9513296848;18.4579439252
13.0862105263;101.8173320564;18.4579439252
13.0961695906;101.9065607363;18.8317757009
13.1061286550;101.5942150920;18.0841121495
13.1160877193;101.6387747600;18.2710280374
13.1260467836;101.9959986967;18.6448598131
13.1360058480;101.8173320564;18.4579439252
13.1459649123;101.6833344280;18.4579439252
13.1559239766;101.7278940960;18.6448598131
13.1658830409;102.0853273132;18.4579439252
13.1758421053;101.6833344280;18.4579439252
13.1858011696;101.5938417956;18.6448598131
13.1957602339;101.6383467916;18.8317757009
13.2057192982;101.6387747600;18.2710280374
13.2156783626;101.6833344280;18.4579439252
13.2256374269;101.9513296848;18.4579439252
13.2355964912;101.8173320564;18.4579439252
13.2455555556;101.9959986967;18.6448598131
13.2555146199;101.8619463963;18.6448598131
13.2654736842;101.8619463963;18.6448598131
13.2754327485;101.7278940960;18.6448598131
13.2853918129;101.8619463963;18.6448598131
13.2953508772;101.7278940960;18.6448598131
13.3053099415;101.5942150920;18.0841121495
13.3152690058;101.5938417956;18.6448598131
13.3252280702;101.8173320564;18.4579439252
13.3351871345;101.7278940960;18.6448598131
13.3451461988;101.8173320564;18.4579439252
13.3551052632;101.6833344280;18.4579439252
13.3650643275;101.5493367995;18.4579439252
13.3750233918;101.8173320564;18.4579439252
13.3849824561;101.7278940960;18.6448598131
13.3949415205;101.6833344280;18.4579439252
13.4049005848;102.0853273132;18.4579439252
13.4148596491;101.5493367995;18.4579439252
13.4248187135;101.8619463963;18.6448598131
13.4347777778;101.9959986967;18.6448598131
13.4447368421;101.6387747600;18.2710280374
13.4546959064;101.6833344280;18.4579439252
13.4646549708;101.9065607363;18.8317757009
13.4746140351;102.0853273132;18.4579439252
13.4845730994;101.7727177164;18.2710280374
13.4945321637;101.8173320564;18.4579439252
13.5044912281;101.8619463963;18.6448598131
13.5144502924;101.5493367995;18.4579439252
13.5244093567;101.7278940960;18.6448598131
13.5343684211;101.7727177164;18.2710280374
13.5443274854;101.8619463963;18.6448598131
13.5542865497;101.8619463963;18.6448598131
13.5642456140;101.6833344280;18.4579439252
13.5742046784;101.8173320564;18.4579439252
13.5841637427;101.8619463963;18.6448598131
13.5941228070;101.9959986967;18.6448598131
13.6040818713;101.7278940960;18.6448598131
13.6140409357;101.6833344280;18.4579439252
13.6240000000;101.6387747600;18.2710280374
13.6339590643;101.6387747600;18.2710280374
13.6439181287;101.7278940960;18.6448598131
13.6538771930;101.7278940960;18.6448598131
13.6638362573;101.6387747600;18.2710280374
13.6737953216;101.9065607363;18.8317757009
13.6837543860;101.8619463963;18.6448598131
13.6937134503;101.8173320564;18.4579439252
13.7036725146;101.9513296848;18.4579439252
13.7136315789;101.7278940960;18.6448598131
13.7235906433;101.9513296848;18.4579439252
13.7335497076;101.7278940960;18.6448598131
13.7435087719;101.6833344280;18.4579439252
13.7534678363;101.8619463963;18.6448598131
13.7634269006;101.8619463963;18.6448598131
13.7733859649;101.6833344280;18.4579439252
13.7833450292;101.8619463963;18.6448598131
13.7933040936;102.1300509971;18.6448598131
13.8032631579;101.5938417956;18.6448598131
13.8132222222;101.9513296848;18.4579439252
13.8231812865;101.6833344280;18.4579439252
13.8331403509;101.6833344280;18.4579439252
13.8430994152;101.6833344280;18.4579439252
13.8530584795;101.8619463963;18.6448598131
13.8630175439;101.8619463963;18.6448598131
13.8729766082;101.7278940960;18.6448598131
13.8829356725;101.8173320564;18.4579439252
13.8928947368;101.7278940960;18.6448598131
13.9028538012;101.7724537640;18.8317757009
13.9128128655;101.8173320564;18.4579439252
13.9227719298;101.6833344280;18.4579439252
13.9327309942;101.9513296848;18.4579439252
13.9426900585;101.7278940960;18.6448598131
13.9526491228;101.8173320564;18.4579439252
13.9626081871;101.8173320564;18.4579439252
13.9725672515;101.7727177164;18.2710280374
13.9825263158;101.7724537640;18.8317757009
13.9924853801;101.7278940960;18.6448598131
14.0024444444;101.8619463963;18.6448598131
14.0124035088;101.7278940960;18.6448598131
14.0223625731;101.9513296848;18.4579439252
14.0323216374;101.7278940960;18.6448598131
14.0422807018;101.9959986967;18.6448598131
14.0522397661;101.6833344280;18.4579439252
14.0621988304;101.7724537640;18.8317757009
14.0721578947;101.6833344280;18.4579439252
14.0821169591;101.7724537640;18.8317757009
14.0920760234;101.8619463963;18.6448598131
14.1020350877;101.8173320564;18.4579439252
14.1119941520;101.5493367995;18.4579439252
14.1219532164;101.5493367995;18.4579439252
14.1319122807;101.6833344280;18.4579439252
14.1418713450;101.6833344280;18.4579439252
14.1518304094;101.7278940960;18.6448598131
14.1617894737;101.7278940960;18.6448598131
14.1717485380;101.7278940960;18.6448598131
14.1817076023;101.8173320564;18.4579439252
14.1916666667;101.9513296848;18.4579439252
14.2016257310;101.7278940960;18.6448598131
14.2115847953;102.0406677087;18.8317757009
14.2215438596;101.7727177164;18.2710280374
14.2315029240;101.6387747600;18.2710280374
14.2414619883;101.9959986967;18.6448598131
14.2514210526;101.9511750763;19.0186915888
14.2613801170;101.9065607363;18.8317757009
14.2713391813;101.8619463963;18.6448598131
14.2812982456;101.9513296848;18.4579439252
14.2912573099;101.8173320564;18.4579439252
14.3012163743;101.8619463963;18.6448598131
14.3111754386;101.7278940960;18.6448598131
14.3211345029;101.9513296848;18.4579439252
14.3310935673;101.7278940960;18.6448598131
14.3410526316;101.6833344280;18.4579439252
14.3510116959;101.6833344280;18.4579439252
14.3609707602;101.9065607363;18.8317757009
14.3709298246;101.8619463963;18.6448598131
14.3808888889;101.7278940960;18.6448598131
14.3908479532;101.7727177164;18.2710280374
14.4008070175;101.6833344280;18.4579439252
14.4107660819;102.1300509971;18.6448598131
14.4207251462;101.9065607363;18.8317757009
14.4306842105;101.7278940960;18.6448598131
14.4406432749;101.7278940960;18.6448598131
14.4506023392;101.8619463963;18.6448598131
14.4605614035;101.8173320564;18.4579439252
14.4705204678;101.7278940960;18.6448598131
14.4804795322;101.6387747600;18.2710280374
14.4904385965;101.9513296848;18.4579439252
14.5003976608;101.8173320564;18.4579439252
14.5103567251;101.7278940960;18.6448598131
14.5203157895;101.7278940960;18.6448598131
14.5302748538;101.8173320564;18.4579439252
14.5402339181;101.7278940960;18.6448598131
14.5501929825;101.8619463963;18.6448598131
14.5601520468;101.7278940960;18.6448598131
14.5701111111;101.8619463963;18.6448598131
14.5800701754;102.0853273132;18.4579439252
14.5900292398;101.6833344280;18.4579439252
14.5999883041;101.7278940960;18.6448598131
14.6099473684;102.0853273132;18.4579439252
14.6199064327;101.9065607363;18.8317757009
14.6298654971;101.9065607363;18.8317757009
14.6398245614;101.8619463963;18.6448598131
14.6497836257;101.7278940960;18.6448598131
14.6597426901;101.9065607363;18.8317757009
14.6697017544;101.7727177164;18.2710280374
14.6796608187;101.7278940960;18.6448598131
14.6896198830;101.7278940960;18.6448598131
14.6995789474;101.8619463963;18.6448598131
14.7095380117;101.8619463963;18.6448598131
14.7194970760;101.7724537640;18.8317757009
14.7294561404;101.7724537640;18.8317757009
14.7394152047;101.8173320564;18.4579439252
14.7493742690;101.8173320564;18.4579439252
14.7593333333;101.8173320564;18.4579439252
14.7692923977;101.8173320564;18.4579439252
14.7792514620;101.9959986967;18.6448598131
14.7892105263;101.5942150920;18.0841121495
14.7991695906;101.5942150920;18.0841121495
14.8091286550;101.8619463963;18.6448598131
14.8190877193;101.9513296848;18.4579439252
14.8290467836;101.5938417956;18.6448598131
14.8390058480;101.7278940960;18.6448598131
14.8489649123;101.7278940960;18.6448598131
14.8589239766;101.6833344280;18.4579439252
14.8688830409;101.7278940960;18.6448598131
14.8788421053;101.5938417956;18.6448598131
14.8888011696;101.7278940960;18.6448598131
14.8987602339;101.7278940960;18.6448598131
14.9087192982;101.5938417956;18.6448598131
14.9186783626;101.9959986967;18.6448598131
14.9286374269;101.8619463963;18.6448598131
14.9385964912;101.9513296848;18.4579439252
14.9485555556;101.5938417956;18.6448598131
14.9585146199;101.5938417956;18.6448598131
14.9684736842;101.8173320564;18.4579439252
14.9784327485;101.7724537640;18.8317757009
14.9883918129;101.8173320564;18.4579439252
14.9983508772;101.8619463963;18.6448598131
15.0083099415;101.9513296848;18.4579439252
15.0182690058;101.7278940960;18.6448598131
15.0282280702;101.9959986967;18.6448598131
15.0381871345;101.7281033764;18.0841121495
15.0481461988;101.8173320564;18.4579439252
15.0581052632;101.7278940960;18.6448598131
15.0680643275;101.6833344280;18.4579439252
15.0780233918;101.7727177164;18.2710280374
15.0879824561;102.1300509971;18.6448598131
15.0979415205;101.8173320564;18.4579439252
15.1079005848;101.7278940960;18.6448598131
15.1178596491;101.8173320564;18.4579439252
15.1278187135;101.8173320564;18.4579439252
15.1377777778;101.9065607363;18.8317757009
15.1477368421;101.7727177164;18.2710280374
15.1576959064;101.8173320564;18.4579439252
15.1676549708;101.8619463963;18.6448598131
15.1776140351;101.8173320564;18.4579439252
15.1875730994;101.8173320564;18.4579439252
15.1975321637;101.9065607363;18.8317757009
15.2074912281;101.7278940960;18.6448598131
15.2174502924;101.8619463963;18.6448598131
15.2274093567;101.8173320564;18.4579439252
15.2373684211;101.8619463963;18.6448598131
15.2473274854;101.8173320564;18.4579439252
15.2572865497;101.8173320564;18.4579439252
15.2672456140;101.7278940960;18.6448598131
15.2772046784;101.7278940960;18.6448598131
15.2871637427;101.7278940960;18.6448598131
15.2971228070;101.8173320564;18.4579439252
15.3070818713;101.8173320564;18.4579439252
15.3170409357;101.7278940960;18.6448598131
15.3270000000;101.6833344280;18.4579439252
15.3369590643;101.6833344280;18.4579439252
15.3469181287;101.8173320564;18.4579439252
15.3568771930;101.7278940960;18.6448598131
15.3668362573;101.9959986967;18.6448598131
15.3767953216;101.6833344280;18.4579439252
15.3867543860;101.7727177164;18.2710280374
15.3967134503;101.9959986967;18.6448598131
15.4066725146;101.6833344280;18.4579439252
15.4166315789;101.6833344280;18.4579439252
15.4265906433;101.6833344280;18.4579439252
15.4365497076;101.9959986967;18.6448598131
15.4465087719;101.8619463963;18.6448598131
15.4564678363;101.9513296848;18.4579439252
15.4664269006;101.8173320564;18.4579439252
15.4763859649;101.8619463963;18.6448598131
15.4863450292;102.0853273132;18.4579439252
15.4963040936;101.8173320564;18.4579439252
15.5062631579;102.0853273132;18.4579439252
15.5162222222;101.6833344280;18.4579439252
15.5261812865;101.5493367995;18.4579439252
15.5361403509;101.7278940960;18.6448598131
15.5460994152;101.6833344280;18.4579439252
15.5560584795;101.7724537640;18.8317757009
15.5660175439;101.6833344280;18.4579439252
15.5759766082;101.8619463963;18.6448598131
15.5859356725;101.8619463963;18.6448598131
15.5958947368;101.7278940960;18.6448598131
15.6058538012;101.8619463963;18.6448598131
15.6158128655;101.7278940960;18.6448598131
15.6257719298;101.6833344280;18.4579439252
15.6357309942;101.7724537640;18.8317757009
15.6456900585;101.6833344280;18.4579439252
15.6556491228;101.8619463963;18.6448598131
15.6656081871;101.7724537640;18.8317757009
15.6755672515;101.8173320564;18.4579439252
15.6855263158;101.6833344280;18.4579439252
15.6954853801;101.7724537640;18.8317757009
15.7054444444;101.8619463963;18.6448598131
15.7154035088;101.9959986967;18.6448598131
15.7253625731;101.7278940960;18.6448598131
15.7353216374;101.6833344280;18.4579439252
15.7452807018;101.6833344280;18.4579439252
15.7552397661;101.6833344280;18.4579439252
15.7651988304;101.8619463963;18.6448598131
15.7751578947;101.8619463963;18.6448598131
15.7851169591;101.8619463963;18.6448598131
15.7950760234;101.7278940960;18.6448598131
15.8050350877;101.7278940960;18.6448598131
15.8149941520;101.9065607363;18.8317757009
15.8249532164;101.7278940960;18.6448598131
15.8349122807;101.7278940960;18.6448598131
15.8448713450;101.8173320564;18.4579439252
15.8548304094;101.6833344280;18.4579439252
15.8647894737;101.7724537640;18.8317757009
15.8747485380;101.7278940960;18.6448598131
15.8847076023;101.8619463963;18.6448598131
15.8946666667;102.0406677087;18.8317757009
15.9046257310;101.9066606729;18.2710280374
15.9145847953;102.0406677087;18.8317757009
15.9245438596;101.7278940960;18.6448598131
15.9345029240;101.8173320564;18.4579439252
15.9444619883;101.7724537640;18.8317757009
15.9544210526;101.8619463963;18.6448598131
15.9643801170;101.9513296848;18.4579439252
15.9743391813;101.6833344280;18.4579439252
15.9842982456;101.9958799454;18.0841121495
15.9942573099;101.8619463963;18.6448598131
16.0042163743;101.7724537640;18.8317757009
16.0141754386;101.6833344280;18.4579439252
16.0241345029;101.8619463963;18.6448598131
16.0340935673;101.8619463963;18.6448598131
16.0440526316;101.7278940960;18.6448598131
16.0540116959;101.8619463963;18.6448598131
16.0639707602;102.1747746810;18.8317757009
16.0739298246;101.6833344280;18.4579439252
16.0838888889;101.7724537640;18.8317757009
16.0938479532;101.8619463963;18.6448598131
16.1038070175;101.6833344280;18.4579439252
16.1137660819;101.5942150920;18.0841121495
16.1237251462;101.7278940960;18.6448598131
16.1336842105;101.9513296848;18.4579439252
16.1436432749;101.8619463963;18.6448598131
16.1536023392;101.8173320564;18.4579439252
16.1635614035;101.7278940960;18.6448598131
16.1735204678;101.6833344280;18.4579439252
16.1834795322;101.7278940960;18.6448598131
16.1934385965;101.8619463963;18.6448598131
16.2033976608;101.8173320564;18.4579439252
16.2133567251;101.6833344280;18.4579439252
16.2233157895;101.9511750763;19.0186915888
16.2332748538;101.8619463963;18.6448598131
16.2432339181;101.7278940960;18.6448598131
16.2531929825;101.9065607363;18.8317757009
16.2631520468;101.8619463963;18.6448598131
16.2731111111;101.7278940960;18.6448598131
16.2830701754;101.7278940960;18.6448598131
16.2930292398;102.0853273132;18.4579439252
16.3029883041;101.8173320564;18.4579439252
16.3129473684;101.9959986967;18.6448598131
16.3229064327;101.7724537640;18.8317757009
16.3328654971;101.7278940960;18.6448598131
16.3428245614;101.7278940960;18.6448598131
16.3527836257;101.7278940960;18.6448598131
16.3627426901;102.1300509971;18.6448598131
16.3727017544;101.6833344280;18.4579439252
16.3826608187;101.9513296848;18.4579439252
16.3926198830;101.8619463963;18.6448598131
16.4025789474;101.9513296848;18.4579439252
16.4125380117;101.7278940960;18.6448598131
16.4224970760;101.6387747600;18.2710280374
16.4324561404;101.8619463963;18.6448598131
16.4424152047;101.7727177164;18.2710280374
16.4523742690;101.8170134320;19.0186915888
16.4623333333;101.8619463963;18.6448598131
16.4722923977;101.8619463963;18.6448598131
16.4822514620;101.8173320564;18.4579439252
16.4922105263;101.8619463963;18.6448598131
16.5021695906;101.5493367995;18.4579439252
16.5121286550;101.6383467916;18.8317757009
16.5220877193;101.8619463963;18.6448598131
16.5320467836;101.8619463963;18.6448598131
16.5420058480;101.5493367995;18.4579439252
16.5519649123;102.1747746810;18.8317757009
16.5619239766;101.8619463963;18.6448598131
16.5718830409;101.5942150920;18.0841121495
16.5818421053;101.6383467916;18.8317757009
16.5918011696;101.7278940960;18.6448598131
16.6017602339;101.6833344280;18.4579439252
16.6117192982;102.0406677087;18.8317757009
16.6216783626;101.8619463963;18.6448598131
16.6316374269;101.8619463963;18.6448598131
16.6415964912;101.7278940960;18.6448598131
16.6515555556;101.7278940960;18.6448598131
16.6615146199;101.8173320564;18.4579439252
16.6714736842;101.6833344280;18.4579439252
16.6814327485;101.6833344280;18.4579439252
16.6913918129;101.8619463963;18.6448598131
16.7013508772;101.7278940960;18.6448598131
16.7113099415;101.7727177164;18.2710280374
16.7212690058;101.5938417956;18.6448598131
16.7312280702;101.7727177164;18.2710280374
16.7411871345;101.7278940960;18.6448598131
16.7511461988;101.6833344280;18.4579439252
16.7611052632;101.8173320564;18.4579439252
16.7710643275;101.7278940960;18.6448598131
16.7810233918;101.9959986967;18.6448598131
16.7909824561;101.8173320564;18.4579439252
16.8009415205;101.7724537640;18.8317757009
16.8109005848;101.8173320564;18.4579439252
16.8208596491;101.6833344280;18.4579439252
16.8308187135;102.1300509971;18.6448598131
16.8407777778;101.7278940960;18.6448598131
16.8507368421;101.8170134320;19.0186915888
16.8606959064;101.9513296848;18.4579439252
16.8706549708;102.0406677087;18.8317757009
16.8806140351;101.5942150920;18.0841121495
16.8905730994;101.9959986967;18.6448598131
16.9005321637;101.7278940960;18.6448598131
16.9104912281;101.8619463963;18.6448598131
16.9204502924;101.8619463963;18.6448598131
16.9304093567;101.9065607363;18.8317757009
16.9403684211;101.8619463963;18.6448598131
16.9503274854;101.7724537640;18.8317757009
16.9602865497;101.7278940960;18.6448598131
16.9702456140;101.8619463963;18.6448598131
16.9802046784;101.6833344280;18.4579439252
16.9901637427;101.8619463963;18.6448598131
17.0001228070;101.6833344280;18.4579439252
17.0100818713;101.8173320564;18.4579439252
17.0200409357;NaN