Time (s);ωx (rad/s);ωy (rad/s);ωz (rad/s)
0.0103024803;0.1397478693;0.0321485446;-0.2246051429
0.0206049607;0.1311589123;0.0358295262;-0.2196971675
0.0309074410;0.1397478693;0.0321485446;-0.2246051429
0.0412099214;0.1471098325;0.0309215507;-0.2233781491
0.0515124017;0.1569257834;0.0333755384;-0.2233781491
0.0618148820;0.1691957221;0.0346025323;-0.2184701736
0.0721173624;0.1753306914;0.0407375016;-0.2012922595
0.0824198427;0.1569257834;0.0358295262;-0.1436235478
0.0927223230;0.1127540043;0.0358295262;-0.0503720141
0.1030248034;0.0722632068;0.0382835139;0.0342905626
0.1133272837;0.0023245565;0.0333755384;0.1103641822
0.1236297641;-0.0209883270;0.0260135753;0.1373580473
0.1339322444;0.0035515503;0.0223325937;0.1164991515
0.1442347247;0.0280914276;0.0149706305;0.0882782927
0.1545372051;0.0403613663;0.0063816734;0.0576034460
0.1648396854;0.0415883601;0.0027006918;0.0306095810
0.1751421658;0.0403613663;0.0027006918;0.0220206239
0.1854446461;0.0231834522;-0.0034342775;0.0134316669
0.1957471264;0.0010975626;-0.0071152591;-0.0000652656
0.2060496068;-0.0123993699;-0.0107962407;-0.0184701736
0.2163520871;-0.0246693086;-0.0132502284;-0.0466910325
0.2266545675;-0.0308042779;-0.0157042162;-0.0810468607
0.2369570478;-0.0369392472;-0.0132502284;-0.1129487012
0.2472595281;-0.0332582656;-0.0034342775;-0.1362615846
0.2575620085;-0.0209883270;0.0076086673;-0.1362615846
0.2678644888;-0.0283502902;0.0174246182;-0.1190836705
0.2781669691;-0.0332582656;0.0284675630;-0.0761388853
0.2884694495;-0.0430742166;0.0407375016;-0.0282861245
0.2987719298;-0.0357122534;0.0480994648;0.0097506853
0.3090744102;-0.0271232963;0.0530074403;0.0306095810
0.3193768905;-0.0222153209;0.0456454771;0.0379715442
0.3296793708;0.0060055380;0.0382835139;0.0330635687
0.3399818512;0.0207294644;0.0223325937;0.0293825871
0.3502843315;0.0293184215;0.0014736980;0.0257016055
0.3605868119;0.0231834522;-0.0193851978;0.0281555933
0.3708892922;0.0145944951;-0.0316551364;0.0404255319
0.3811917725;0.0035515503;-0.0451520689;0.0514684767
0.3914942529;-0.0111723761;-0.0525140321;0.0576034460
0.4017967332;-0.0136263638;-0.0586490014;0.0539224644
0.4120992136;-0.0271232963;-0.0672379585;0.0367445503
0.4224016939;-0.0369392472;-0.0709189401;0.0097506853
0.4327041742;-0.0443012104;-0.0647839708;-0.0184701736
0.4430066546;-0.0418472227;-0.0561950137;-0.0393290693
0.4533091349;-0.0369392472;-0.0463790628;-0.0491450202
0.4636116152;-0.0320312718;-0.0328821303;-0.0466910325
0.4739140956;-0.0160803515;-0.0144772223;-0.0381020754
0.4842165759;0.0035515503;0.0014736980;-0.0270591307
0.4945190563;0.0231834522;0.0198786059;-0.0233781491
0.5048215366;0.0354533908;0.0296945568;-0.0135621981
0.5151240169;0.0464963356;0.0407375016;-0.0037462472
0.5254264973;0.0477233295;0.0505534526;0.0048427098
0.5357289776;0.0440423479;0.0517804464;0.0085236914
0.5460314580;0.0329994031;0.0505534526;0.0122046730
0.5563339383;0.0182754767;0.0517804464;0.0183396423
0.5666364186;0.0060055380;0.0468724710;0.0232476178
0.5769388990;-0.0062644006;0.0395105078;0.0171126485
0.5872413793;-0.0148533577;0.0272405691;0.0122046730
0.5975438596;-0.0148533577;0.0247865814;0.0085236914
0.6078463400;-0.0173073454;0.0125166427;0.0060697037
0.6181488203;-0.0185343393;0.0002467041;0.0060697037
0.6284513007;-0.0295772840;-0.0083422530;0.0097506853
0.6387537810;-0.0283502902;-0.0181582039;0.0158856546
0.6490562613;-0.0234423147;-0.0328821303;0.0134316669
0.6593587417;-0.0209883270;-0.0426980812;-0.0025192534
0.6696612220;-0.0160803515;-0.0390170996;-0.0123352043
0.6799637024;-0.0185343393;-0.0365631119;-0.0135621981
0.6902661827;-0.0087183883;-0.0292011487;-0.0172431797
0.7005686630;-0.0001294313;-0.0218391855;-0.0196971675
0.7108711434;0.0035515503;-0.0120232346;-0.0233781491
0.7211736237;0.0060055380;-0.0046612714;-0.0246051429
0.7314761041;0.0182754767;0.0014736980;-0.0282861245
0.7417785844;0.0244104460;0.0112896489;-0.0307401123
0.7520810647;0.0207294644;0.0174246182;-0.0258321368
0.7623835451;0.0133675012;0.0247865814;-0.0172431797
0.7726860254;0.0072325319;0.0321485446;-0.0012922595
0.7829885057;0.0010975626;0.0382835139;0.0036157160
0.7932909861;-0.0025834190;0.0358295262;0.0036157160
0.8035934664;-0.0111723761;0.0395105078;0.0036157160
0.8138959468;-0.0185343393;0.0395105078;0.0023887221
0.8241984271;-0.0222153209;0.0260135753;0.0072966976
0.8345009074;-0.0246693086;0.0260135753;0.0072966976
0.8448033878;-0.0197613331;0.0223325937;0.0072966976
0.8551058681;-0.0246693086;0.0149706305;0.0060697037
0.8654083485;-0.0234423147;0.0100626550;0.0158856546
0.8757108288;-0.0209883270;-0.0022072836;0.0183396423
0.8860133091;-0.0222153209;-0.0046612714;0.0122046730
0.8963157895;-0.0295772840;0.0002467041;0.0072966976
0.9066182698;-0.0516631736;-0.0009802898;0.0158856546
0.9169207502;-0.0762030509;-0.0034342775;0.0367445503
0.9272232305;-0.1007429282;-0.0095692468;0.0600574338
0.9375257108;-0.1473686951;-0.0169312100;0.0993212374
0.9478281912;-0.1645466092;-0.0267471609;0.1508549798
0.9581306715;-0.1400067319;-0.0402440935;0.1864378019
0.9684331518;-0.1166938485;-0.0549680198;0.1974807466
0.9787356322;-0.0835650141;-0.0696919462;0.1704868816
0.9890381125;-0.0393932350;-0.0745999217;0.1263151025
0.9993405929;-0.0001294313;-0.0844158726;0.0612844276
1.0096430732;0.0231834522;-0.0868698603;0.0122046730
1.0199455535;0.0280914276;-0.0758269155;-0.0147891920
1.0302480339;0.0145944951;-0.0611029892;-0.0356480877
1.0405505142;0.0047785442;-0.0463790628;-0.0601879650
1.0508529946;0.0010975626;-0.0304281425;-0.0945437932
1.0611554749;0.0133675012;-0.0218391855;-0.1411695601
1.0714579552;0.0096865196;-0.0206121916;-0.1865683331
1.0817604356;0.0145944951;-0.0144772223;-0.2147891920
1.0920629159;0.0219564583;0.0039276857;-0.2368750816
1.1023653962;0.0219564583;0.0223325937;-0.2356480877
1.1126678766;0.0195024706;0.0419644955;-0.2258321368
1.1229703569;0.0256374399;0.0542344341;-0.2172431797
1.1332728373;0.0305454153;0.0566884219;-0.1951572902
1.1435753176;0.0244104460;0.0640503851;-0.1522125049
1.1538777979;0.0379073785;0.0750933299;-0.0859548362
1.1641802783;0.0379073785;0.0800013053;-0.0123352043
1.1744827586;0.0231834522;0.0787743114;0.0502414828
1.1847852390;0.0170484828;0.0750933299;0.1103641822
1.1950877193;0.0145944951;0.0726393421;0.1618979246
1.2053901996;0.0133675012;0.0628233912;0.2023887221
1.2156926800;0.0170484828;0.0468724710;0.2281555933
1.2259951603;0.0072325319;0.0247865814;0.2465605012
1.2362976407;-0.0025834190;0.0125166427;0.2661924031
1.2466001210;-0.0136263638;-0.0046612714;0.2845973111
1.2569026013;-0.0123993699;-0.0206121916;0.2809163295
1.2672050817;-0.0197613331;-0.0279741548;0.2465605012
1.2775075620;-0.0160803515;-0.0218391855;0.2085236914
1.2878100423;-0.0173073454;-0.0058882652;0.1692598877
1.2981125227;-0.0209883270;0.0137436366;0.1140451638
1.3084150030;-0.0074913945;0.0419644955;0.0453335074
1.3187174834;0.0109135135;0.0652773789;-0.0184701736
1.3290199637;0.0109135135;0.0984062133;-0.0871818300
1.3393224440;-0.0185343393;0.1376700170;-0.1595744681
1.3496249244;-0.0074913945;0.1781608145;-0.2184701736
1.3599274047;0.0514043111;0.2149706305;-0.2430100509
1.3702298851;0.0796251699;0.2407375016;-0.2307401123
1.3805323654;0.0845331454;0.2689583605;-0.1841143454
1.3908348457;0.1372938816;0.3057681765;-0.0847278423
1.4011373261;0.2452693417;0.3523939433;0.0060697037
1.4114398064;0.3115270104;0.3977927164;0.0674193969
1.4217422868;0.4636742497;0.4382835139;0.0858243049
1.4320447671;0.8685822252;0.4554614280;0.0760083540
1.4423472474;1.2121405074;0.4665043728;0.0379715442
1.4526497278;1.5176619798;0.4763203237;0.0195666362
1.4629522081;1.8808521638;0.4763203237;0.0441065135
1.4732546884;2.2833061515;0.4775473176;0.1042292129
1.4835571688;2.5863736362;0.4787743114;0.1717138755
1.4938596491;2.7495638203;0.4763203237;0.2318365749
1.5041621295;2.8035515503;0.4775473176;0.3005482313
1.5144646098;2.7299319184;0.4812282992;0.3717138755
1.5247670901;2.5250239430;0.4836822869;0.4404255319
1.5350695705;2.2354533908;0.4934982378;0.4845973111
1.5453720508;1.9103000166;0.4910442501;0.5091371884
1.5556745312;1.5507908141;0.4984062133;0.5091371884
1.5659770115;1.1741036976;0.4971792194;0.4931862681
1.5762794918;0.8035515503;0.4971792194;0.4661924031
1.5865819722;0.4869871331;0.4971792194;0.4232476178
1.5968844525;0.2379073785;0.4996332072;0.3766218509
1.6071869328;0.0747171945;0.4984062133;0.3226341209
1.6174894132;0.0268644338;0.5057681765;0.2686463908
1.6277918935;0.0980300779;0.4996332072;0.2257016055
1.6380943739;0.3053920411;0.4971792194;0.1974807466
1.6483968542;0.6133675012;0.4971792194;0.1766218509
1.6586993345;0.9961895871;0.5008602010;0.1778488448
1.6690018149;1.4354533908;0.5057681765;0.1913457773
1.6793042952;1.9004840657;0.5094491581;0.2134316669
1.6896067756;2.3532448018;0.5155841274;0.2526954706
1.6999092559;2.7790116730;0.5155841274;0.3066832006
1.7102117362;3.1728767037;0.5192651090;0.3766218509
1.7205142166;3.4943490963;0.5241730845;0.4625114215
1.7308166969;3.7029380534;0.5401240047;0.5569899491
1.7411191773;3.7655147405;0.5474859679;0.6453335074
1.7514216576;3.6734902006;0.5573019188;0.7164991515
1.7617241379;3.4452693417;0.5720258452;0.7704868816
1.7720266183;3.1188889736;0.5867497716;0.8023887221
1.7823290986;2.7164349859;0.5941117348;0.7962537528
1.7926315789;2.2649012436;0.6076086673;0.7631249184
1.8029340593;1.7851466423;0.6186516121;0.7189531393
1.8132365396;1.2894411209;0.6198786059;0.6588304399
1.8235390200;0.8514043111;0.6260135753;0.5925727712
1.8338415003;0.4943490963;0.6247865814;0.5152721577
1.8441439806;0.1127540043;0.6309215507;0.4085236914
1.8544464610;-0.2295772840;0.6395105078;0.2735543663
1.8647489413;-0.4369392472;0.6431914894;0.1496279859
1.8750514217;-0.5007429282;0.6407375016;0.0563764522
1.8853539020;-0.4553441552;0.6395105078;-0.0074272288
1.8956563823;-0.2982889405;0.6468724710;-0.0700039159
1.9059588627;-0.0308042779;0.6431914894;-0.1190836705
1.9162613430;0.2796251699;0.6419644955;-0.1448505417
1.9265638234;0.5667417344;0.6456454771;-0.1411695601
1.9368663037;0.8440423479;0.6444184832;-0.1190836705
1.9471687840;1.1409748632;0.6419644955;-0.0822738546
1.9574712644;1.4293184215;0.6333755384;-0.0331941000
1.9677737447;1.6391343724;0.6309215507;0.0244746117
1.9780762250;1.7507908141;0.6272405691;0.0735543663
1.9883787054;1.7679687282;0.6284675630;0.1201801331
1.9986811857;1.6783981761;0.6296945568;0.1668059000
2.0089836661;1.4759441884;0.6247865814;0.2036157160
2.0192861464;1.1863736362;0.6235595875;0.2244746117
2.0295886267;0.8464963356;0.6260135753;0.2207936301
2.0398911071;0.4489503233;0.6198786059;0.1888917896
2.0501935874;-0.0197613331;0.6223325937;0.1287690902
2.0604960678;-0.5228288178;0.6198786059;0.0416525258
2.0707985481;-1.0013564251;0.6174246182;-0.0626419527
2.0811010284;-1.4504361797;0.6174246182;-0.1927033024
2.0914035088;-1.8676140939;0.6223325937;-0.3387155724
2.1017059891;-2.2479821920;0.6284675630;-0.5031327503
2.1120084694;-2.5363257503;0.6382835139;-0.6712309098
2.1223109498;-2.7203748301;0.6591424096;-0.8307401123
2.1326134301;-2.7866324988;0.6763203237;-0.9767523822
2.1429159105;-2.7387797380;0.6934982378;-1.1166296828
2.1532183908;-2.5743625601;0.7180381151;-1.2319671061
2.1635208711;-2.3289637871;0.7401240047;-1.3154026889
2.1738233515;-2.0209883270;0.7646638820;-1.3632554497
2.1841258318;-1.6737490632;0.7793878084;-1.3755253883
2.1944283122;-1.2970619466;0.7867497716;-1.3595744681
2.2047307925;-0.9228288178;0.7879767654;-1.3104947135
2.2150332728;-0.5915404742;0.7953387286;-1.2270591307
2.2253357532;-0.3216018239;0.7892037593;-1.1227646521
2.2356382335;-0.1338717626;0.7830687900;-1.0037462472
2.2459407139;-0.0602521307;0.7757068268;-0.8835008485
2.2562431942;-0.1117858730;0.7671178697;-0.7816603577
2.2665456745;-0.2712950755;0.7597559065;-0.7031327503
2.2768481549;-0.5203748301;0.7487129618;-0.6466910325
2.2871506352;-0.8418472227;0.7474859679;-0.6209241613
2.2974531155;-1.2271232963;0.7474859679;-0.6258321368
2.3077555959;-1.6332582656;0.7462589740;-0.6626419527
2.3180580762;-2.0357122534;0.7511669495;-0.7264456337
2.3283605566;-2.4087183883;0.7609829004;-0.8246051429
2.3386630369;-2.7240558116;0.7744798329;-0.9448505417
2.3489655172;-2.9473686951;0.7965657225;-1.0785928730
2.3592679976;-3.0602521307;0.8198786059;-1.2147891920
2.3695704779;-3.0541171613;0.8480994648;-1.3399425662
2.3798729583;-2.9289637871;0.8787743114;-1.4417830570
2.3901754386;-2.6896999834;0.9082221642;-1.5166296828
2.4004779189;-2.3571846460;0.9388970108;-1.5571204804
2.4107803993;-1.9670005969;0.9585289127;-1.5558934865
2.4210828796;-1.5191478362;0.9757068268;-1.5190836705
2.4313853600;-1.0369392472;0.9867497716;-1.4381020754
2.4416878403;-0.5706815785;0.9916577470;-1.3215376583
2.4519903206;-0.1535036644;0.9916577470;-1.1718444067
2.4622928010;0.1826926546;0.9806148022;-1.0000652656
2.4725952813;0.4526313049;0.9744798329;-0.8184701736
2.4828977616;0.6415883601;0.9609829004;-0.6282861245
2.4932002420;0.7336129000;0.9499399556;-0.4356480877
2.5035027223;0.7274779307;0.9401240047;-0.2430100509
2.5138052027;0.6280914276;0.9315350476;-0.0663229343
2.5241076830;0.4428153540;0.9241730845;0.0858243049
2.5344101633;0.2035515503;0.9119031458;0.2220206239
2.5447126437;-0.0590251368;0.9069951703;0.3250881086
2.5550151240;-0.3424607196;0.9045411826;0.3864378019
2.5653176044;-0.6209883270;0.8971792194;0.4183396423
2.5756200847;-0.8762030509;0.8922712440;0.4220206239
2.5859225650;-1.0774300448;0.8812282992;0.4011617282
2.5962250454;-1.2271232963;0.8800013053;0.3643519123
2.6065275257;-1.2958349528;0.8800013053;0.3140451638
2.6168300060;-1.2811110264;0.8726393421;0.2612844276
2.6271324864;-1.1743625601;0.8726393421;0.2171126485
2.6374349667;-0.9768165478;0.8677313667;0.1803028325
2.6477374471;-0.7068778975;0.8652773789;0.1692598877
2.6580399274;-0.3768165478;0.8603694035;0.1901187834
2.6683424077;-0.0173073454;0.8542344341;0.2269285994
2.6786448881;0.3630607528;0.8444184832;0.2919592742
2.6889473684;0.7471098325;0.8444184832;0.3839838141
2.6992498488;1.1225699552;0.8444184832;0.5140451638
2.7095523291;1.4685822252;0.8358295262;0.6821433233
2.7198548094;1.7667417344;0.8370565200;0.8772353479
2.7301572898;1.9876006301;0.8358295262;1.0980942436
2.7404597701;2.1078460288;0.8468724710;1.3238611147
2.7507622505;2.1237969491;0.8542344341;1.5496279859
2.7610647308;2.0415883601;0.8689583605;1.7594439368
2.7713672111;1.8661282374;0.8775473176;1.9336770657
2.7816696915;1.6109135135;0.8922712440;2.0735543663
2.7919721718;1.3041650472;0.9020871949;2.1741678632
2.8022746521;0.9495638203;0.9131301397;2.2367445503
2.8125771325;0.5900546178;0.9143571335;2.2502414828
2.8228796128;0.2354533908;0.9119031458;2.2195666362
2.8331820932;-0.0700680816;0.9106761519;2.1618979246
2.8434845735;-0.3203748301;0.9008602010;2.0625114215
2.8537870538;-0.4921539712;0.8996332072;1.9373580473
2.8640895342;-0.5571846460;0.8934982378;1.7987077405
2.8743920145;-0.5191478362;0.8959522256;1.6563764522
2.8846944949;-0.3780435417;0.8885902624;1.5177261454
2.8949969752;-0.1510496767;0.8861362746;1.3937997650
2.9052994555;0.1336129000;0.8861362746;1.2993212374
2.9156019359;0.4673552313;0.8861362746;1.2306095810
2.9259044162;0.8219564583;0.8947252317;1.1999347344
2.9362068966;1.1642877466;0.8996332072;1.1950267589
2.9465093769;1.4759441884;0.9106761519;1.2220206239
2.9568118572;1.7201159675;0.9217190967;1.2760083540
2.9671143376;1.8869871331;0.9376700170;1.3484009920
2.9774168179;1.9593797712;0.9511669495;1.4306095810
2.9877192982;1.9274779307;0.9695718575;1.5164991515
2.9980217786;1.8010975626;0.9855227777;1.5913457773
3.0083242589;1.5826926546;0.9990197102;1.6477874951
3.0186267393;1.2943490963;1.0100626550;1.6833703172
3.0289292196;0.9679687282;1.0235595875;1.6919592742
3.0392316999;0.5961895871;1.0321485446;1.6588304399
3.0495341803;0.2268644338;1.0333755384;1.6036157160
3.0598366606;-0.1228288178;1.0395105078;1.5054562068
3.0701391410;-0.4443012104;1.0419644955;1.3741678632
3.0804416213;-0.7056509037;1.0382835139;1.2048427098
3.0907441016;-0.9068778975;1.0395105078;1.0183396423
3.1010465820;-1.0320312718;1.0419644955;0.8146586607
3.1113490623;-1.0590251368;1.0419644955;0.6023887221
3.1216515426;-1.0087183883;1.0431914894;0.3901187834
3.1319540230;-0.8700680816;1.0493264587;0.1729408693
3.1422565033;-0.6676140939;1.0566884219;-0.0135621981
3.1525589837;-0.4123993699;1.0652773789;-0.1816603577
3.1628614640;-0.1301907810;1.0738663360;-0.3387155724
3.1731639443;0.1655147405;1.0714123483;-0.4761388853
3.1834664247;0.4734902006;1.0750933299;-0.5841143454
3.1937689050;0.7655147405;1.0787743114;-0.6675499282
3.2040713854;1.0084595258;1.0738663360;-0.7301266153
3.2143738657;1.2023245565;1.0726393421;-0.7706174129
3.2246763460;1.3213429614;1.0665043728;-0.7927033024
3.2349788264;1.3655147405;1.0517804464;-0.8012922595
3.2452813067;1.3176619798;1.0419644955;-0.8000652656
3.2555837871;1.1937355994;1.0370565200;-0.8025192534
3.2658862674;0.9912816117;1.0309215507;-0.8086542227
3.2761887477;0.7336129000;1.0284675630;-0.8221511552
3.2864912281;0.4477233295;1.0198786059;-0.8577339773
3.2967937084;0.1311589123;1.0174246182;-0.9129487012
3.3070961887;-0.1866324988;1.0211055998;-0.9804333638
3.3173986691;-0.4958349528;1.0260135753;-1.0724579037
3.3277011494;-0.7645466092;1.0296945568;-1.1804333638
3.3380036298;-0.9743625601;1.0419644955;-1.3117217073
3.3483061101;-1.1068778975;1.0554614280;-1.4528260018
3.3586085904;-1.1510496767;1.0701853544;-1.6062002350
3.3689110708;-1.0982889405;1.0922712440;-1.7595744681
3.3792135511;-0.9400067319;1.1094491581;-1.9043597442
3.3895160315;-0.7068778975;1.1254000783;-2.0331941000
3.3998185118;-0.4038104129;1.1376700170;-2.1276726276
3.4101209921;-0.0577981429;1.1499399556;-2.2049732411
3.4204234725;0.3017110595;1.1450319802;-2.2491450202
3.4307259528;0.6698092190;1.1401240047;-2.2589609712
3.4410284332;1.0133675012;1.1290810599;-2.2405560632
3.4513309135;1.3029380534;1.1057681765;-2.1877953270
3.4616333938;1.5127540043;1.0812282992;-2.1190836705
3.4719358742;1.6329994031;1.0554614280;-2.0270591307
3.4822383545;1.6563122865;1.0296945568;-1.9276726276
3.4925408348;1.5728767037;1.0125166427;-1.8172431797
3.5028433152;1.3949625933;0.9892037593;-1.7117217073
3.5131457955;1.1422018571;0.9695718575;-1.6135621981
3.5234482759;0.8379073785;0.9609829004;-1.5227646521
3.5337507562;0.5017110595;0.9499399556;-1.4528260018
3.5440532365;0.1544717957;0.9438049863;-1.3988382718
3.5543557169;-0.1670005969;0.9438049863;-1.3657094374
3.5646581972;-0.4565711491;0.9462589740;-1.3473045294
3.5749606776;-0.6884729896;0.9536209372;-1.3374885785
3.5852631579;-0.8492091859;0.9622098943;-1.3399425662
3.5955656382;-0.9265097994;0.9744798329;-1.3436235478
3.6058681186;-0.9203748301;0.9806148022;-1.3411695601
3.6161705989;-0.8332582656;0.9916577470;-1.3362615846
3.6264730792;-0.6725220693;0.9977927164;-1.3215376583
3.6367755596;-0.4504361797;1.0100626550;-1.2871818300
3.6470780399;-0.1915404742;1.0125166427;-1.2295131184
3.6573805203;0.0869871331;1.0088356611;-1.1522125049
3.6676830006;0.3532448018;1.0014736980;-1.0700039159
3.6779854809;0.6060055380;0.9941117348;-0.9595744681
3.6882879613;0.8366803847;0.9855227777;-0.8307401123
3.6985904416;1.0072325319;0.9757068268;-0.6945437932
3.7088929220;1.1164349859;0.9683448636;-0.5436235478
3.7191954023;1.1507908141;0.9597559065;-0.3890223208
3.7294978826;1.1078460288;0.9499399556;-0.2319671061
3.7398003630;0.9839196485;0.9413509986;-0.0687769221
3.7501028433;0.7876006301;0.9376700170;0.0747813601
3.7604053237;0.5360668877;0.9315350476;0.2072966976
3.7707078040;0.2489503233;0.9217190967;0.3324500718
3.7810102843;-0.0639331123;0.9229460906;0.4428795196
3.7913127647;-0.3976754435;0.9180381151;0.5336770657
3.8016152450;-0.7289637871;0.9094491581;0.6048427098
3.8119177253;-1.0504361797;0.9020871949;0.6588304399
3.8222202057;-1.3412337258;0.8947252317;0.7079101945
3.8325226860;-1.5878594926;0.8836822869;0.7471739982
3.8428251664;-1.7645466092;0.8763203237;0.7766218509
3.8531276467;-1.8627061184;0.8652773789;0.7974807466
3.8634301270;-1.8798840325;0.8566884219;0.8207936301
3.8737326074;-1.8234423147;0.8468724710;0.8404255319
3.8840350877;-1.6896999834;0.8419644955;0.8600574338
3.8943375681;-1.4982889405;0.8382835139;0.8968672497
3.9046400484;-1.2602521307;0.8333755384;0.9434930166
3.9149425287;-0.9927674681;0.8272405691;0.9962537528
3.9252450091;-0.7289637871;0.8247865814;1.0551494583
3.9355474894;-0.4774300448;0.8247865814;1.1299960841
3.9458499698;-0.2577981429;0.8198786059;1.2134316669
3.9561524501;-0.0958349528;0.8247865814;1.3042292129
3.9664549304;-0.0001294313;0.8247865814;1.3937997650
3.9767574108;0.0060055380;0.8284675630;1.4796893356
3.9870598911;-0.0651601061;0.8260135753;1.5631249184
3.9973623714;-0.2222153209;0.8284675630;1.6257016055
4.0076648518;-0.4443012104;0.8247865814;1.6723273724
4.0179673321;-0.7142398607;0.8211055998;1.6993212374
4.0282698125;-1.0271232963;0.8100626550;1.7079101945
4.0385722928;-1.3559576521;0.7953387286;1.6882782927
4.0488747731;-1.6762030509;0.7793878084;1.6563764522
4.0591772535;-1.9620926215;0.7609829004;1.5974807466
4.0694797338;-2.1915404742;0.7388970108;1.5238611147
4.0797822142;-2.3449147074;0.7254000783;1.4367445503
4.0900846945;-2.4173073454;0.7057681765;1.3447200104
4.1003871748;-2.3964484497;0.6861362746;1.2539224644
4.1106896552;-2.2823380202;0.6726393421;1.1655789061
4.1209921355;-2.0847920080;0.6615963973;1.0944132620
4.1312946158;-1.8332582656;0.6505534526;1.0355175565
4.1415970962;-1.5412337258;0.6456454771;0.9888917896
4.1518995765;-1.2062644006;0.6419644955;0.9569899491
4.1622020569;-0.8663871000;0.6395105078;0.9361310534
4.1725045372;-0.5449147074;0.6419644955;0.9287690902
4.1828070175;-0.2516631736;0.6382835139;0.9287690902
4.1931094979;0.0010975626;0.6346025323;0.9287690902
4.2034119782;0.1937355994;0.6358295262;0.9373580473
4.2137144586;0.3225699552;0.6419644955;0.9422660227
4.2240169389;0.3814656607;0.6407375016;0.9349040595
4.2343194192;0.3630607528;0.6431914894;0.9238611147
4.2446218996;0.2857601393;0.6493264587;0.8993212374
4.2549243799;0.1556987896;0.6456454771;0.8637384154
4.2652268603;-0.0025834190;0.6530074403;0.8060697037
4.2755293406;-0.1878594926;0.6579154157;0.7361310534
4.2858318209;-0.3743625601;0.6615963973;0.6502414828
4.2961343013;-0.5620926215;0.6628233912;0.5496279859
4.3064367816;-0.7130128669;0.6652773789;0.4379715442
4.3167392619;-0.8295772840;0.6689583605;0.3201801331
4.3270417423;-0.8909269773;0.6701853544;0.2011617282
4.3373442226;-0.8982889405;0.6787743114;0.0772353479
4.3476467030;-0.8295772840;0.6824552930;-0.0381020754
4.3579491833;-0.6982889405;0.6849092808;-0.1583474742
4.3682516636;-0.4995159343;0.6922712440;-0.2663229343
4.3785541440;-0.2455282043;0.7020871949;-0.3583474742
4.3888566243;0.0477233295;0.7033141887;-0.4307401123
4.3991591047;0.3704227160;0.7069951703;-0.4908628116
4.4094615850;0.7066190350;0.7082221642;-0.5362615846
4.4197640653;1.0489503233;0.7119031458;-0.5632554497
4.4300665457;1.3777846791;0.7094491581;-0.5779793761
4.4403690260;1.6771711822;0.7069951703;-0.5792063699
4.4506715064;1.9237969491;0.7020871949;-0.5693904190
4.4609739867;2.1115270104;0.7020871949;-0.5534394988
4.4712764670;2.2317724092;0.6947252317;-0.5374885785
4.4815789474;2.2771711822;0.6885902624;-0.5190836705
4.4918814277;2.2415883601;0.6812282992;-0.5068137319
4.5021839080;2.1372938816;0.6763203237;-0.4969977810
4.5124863884;1.9814656607;0.6726393421;-0.4957707871
4.5227888687;1.7777846791;0.6689583605;-0.5129487012
4.5330913491;1.5446558448;0.6628233912;-0.5399425662
4.5433938294;1.3053920411;0.6628233912;-0.5779793761
4.5536963097;1.0759441884;0.6652773789;-0.6307401123
4.5639987901;0.8783981761;0.6640503851;-0.6982247748
4.5743012704;0.7274779307;0.6628233912;-0.7706174129
4.5846037508;0.6464963356;0.6615963973;-0.8368750816
4.5949062311;0.6342263969;0.6628233912;-0.9141756951
4.6052087114;0.6882141270;0.6640503851;-0.9755253883
4.6155111918;0.8195024706;0.6652773789;-1.0307401123
4.6258136721;1.0060055380;0.6640503851;-1.0724579037
4.6361161525;1.2379073785;0.6615963973;-1.0920898055
4.6464186328;1.5004840657;0.6579154157;-1.0933167994
4.6567211131;2.0170484828;0.6382835139;-1.0368750816
4.6670235935;2.0170484828;0.6382835139;-1.0368750816
4.6773260738;2.2379073785;0.6174246182;-0.9853413393
4.6876285541;2.4145944951;0.6002467041;-0.9166296828
4.6979310345;2.5213429614;0.5855227777;-0.8393290693
4.7082335148;2.5507908141;0.5732528391;-0.7571204804
4.7185359952;2.5066190350;0.5548479311;-0.6724579037
4.7288384755;2.3777846791;0.5401240047;-0.5914763086
4.7391409558;2.1839196485;0.5278540660;-0.5166296828
4.7494434362;1.9287049245;0.5204921029;-0.4540529957
4.7597459165;1.6391343724;0.5057681765;-0.4074272288
4.7700483969;1.3201159675;0.5008602010;-0.3742983945
4.7803508772;0.9912816117;0.4959522256;-0.3534394988
4.7906533575;0.6673552313;0.4910442501;-0.3411695601
4.8009558379;0.3679687282;0.4836822869;-0.3497585172
4.8112583182;0.1066190350;0.4836822869;-0.3632554497
4.8215607985;-0.1056509037;0.4898172562;-0.3841143454
4.8318632789;-0.2712950755;0.4898172562;-0.4098812166
4.8421657592;-0.3755895540;0.4922712440;-0.4393290693
4.8524682396;-0.4111723761;0.4934982378;-0.4687769221
4.8627707199;-0.3927674681;0.4971792194;-0.4847278423
4.8730732002;-0.3216018239;0.4959522256;-0.4969977810
4.8833756806;-0.2111723761;0.4984062133;-0.4957707871
4.8936781609;-0.0700680816;0.4971792194;-0.4785928730
4.9039806413;0.0734902006;0.4934982378;-0.4528260018
4.9142831216;0.2109135135;0.4947252317;-0.4111082104
4.9245856019;0.3360668877;0.4885902624;-0.3571204804
4.9348880823;0.4342263969;0.4910442501;-0.2957707871
4.9451905626;0.4820791577;0.4898172562;-0.2172431797
4.9554930430;0.4783981761;0.4885902624;-0.1338075969
4.9657955233;0.4207294644;0.4824552930;-0.0466910325
4.9760980036;0.2869871331;0.4812282992;0.0306095810
4.9864004840;0.1078460288;0.4750933299;0.1103641822
4.9967029643;-0.1191478362;0.4812282992;0.1839838141
5.0070054446;-0.3976754435;0.4787743114;0.2539224644
5.0173079250;-0.7081048914;0.4701853544;0.3042292129
5.0276104053;-1.0418472227;0.4665043728;0.3422660227
5.0379128857;-1.3792705356;0.4603694035;0.3643519123
5.0482153660;-1.7019699221;0.4566884219;0.3729408693
5.0585178463;-1.9964484497;0.4554614280;0.3692598877
5.0688203267;-2.2467551982;0.4456454771;0.3471739982
5.0791228070;-2.4295772840;0.4419644955;0.3189531393
5.0894252874;-2.5412337258;0.4407375016;0.2833703172
5.0997277677;-2.5792705356;0.4333755384;0.2416525258
5.1100302480;-2.5400067319;0.4358295262;0.2023887221
5.1203327284;-2.4344852595;0.4321485446;0.1594439368
5.1306352087;-2.2737490632;0.4333755384;0.1226341209
5.1409376891;-2.0651601061;0.4358295262;0.0980942436
5.1512401694;-1.8234423147;0.4358295262;0.0870512988
5.1615426497;-1.5829515172;0.4358295262;0.0882782927
5.1718451301;-1.3535036644;0.4321485446;0.0968672497
5.1821476104;-1.1473686951;0.4333755384;0.1214071270
5.1924500907;-0.9866324988;0.4296945568;0.1557629552
5.2027525711;-0.8921539712;0.4284675630;0.2023887221
5.2130550514;-0.8627061184;0.4284675630;0.2551494583
5.2233575318;-0.9019699221;0.4260135753;0.3091371884
5.2336600121;-1.0050374067;0.4186516121;0.3582169430
5.2439624924;-1.1645466092;0.4112896489;0.4060697037
5.2542649728;-1.3670005969;0.4051546795;0.4490144890
5.2645674531;-1.5878594926;0.4002467041;0.4784623417
5.2748699335;-1.8136263638;0.3928847409;0.4931862681
5.2851724138;-2.0295772840;0.3793878084;0.5017752252
5.2954748941;-2.2234423147;0.3707988513;0.4980942436
5.3057773745;-2.3620926215;0.3609829004;0.4760083540
5.3160798548;-2.4369392472;0.3499399556;0.4490144890
5.3263823351;-2.4516631736;0.3499399556;0.4097506853
5.3366848155;-2.3939944620;0.3425779924;0.3606709307
5.3469872958;-2.2553441552;0.3364430231;0.3115911761
5.3572897762;-2.0504361797;0.3364430231;0.2661924031
5.3675922565;-1.8001294313;0.3388970108;0.2207936301
5.3778947368;-1.5191478362;0.3401240047;0.1790758387
5.3881972172;-1.1989024374;0.3376700170;0.1410390288
5.3984996975;-0.8639331123;0.3401240047;0.1189531393
5.4088021779;-0.5424607196;0.3450319802;0.1030022190
5.4191046582;-0.2381662411;0.3487129618;0.0944132620
5.4294071385;0.0268644338;0.3499399556;0.0931862681
5.4397096189;0.2538582988;0.3425779924;0.1042292129
5.4500120992;0.4354533908;0.3474859679;0.1214071270
5.4603145796;0.5569257834;0.3474859679;0.1422660227
5.4706170599;0.6207294644;0.3499399556;0.1704868816
5.4809195402;0.6280914276;0.3499399556;0.2011617282
5.4912220206;0.5851466423;0.3487129618;0.2244746117
5.5015245009;0.4980300779;0.3487129618;0.2514684767
5.5118269812;0.3790116730;0.3462589740;0.2735543663
5.5221294616;0.2538582988;0.3438049863;0.2907322804
5.5324319419;0.1274779307;0.3425779924;0.3054562068
5.5427344223;0.0121405074;0.3450319802;0.3091371884
5.5530369026;-0.0774300448;0.3536209372;0.3079101945
5.5633393829;-0.1350987564;0.3548479311;0.3017752252
5.5736418633;-0.1412337258;0.3499399556;0.2796893356
5.5839443436;-0.0872459957;0.3548479311;0.2539224644
5.5942468240;0.0170484828;0.3609829004;0.2244746117
5.6045493043;0.1753306914;0.3536209372;0.1950267589
5.6148517846;0.4010975626;0.3523939433;0.1643519123
5.6251542650;0.6526313049;0.3597559065;0.1275420963
5.6354567453;0.9385208755;0.3634368881;0.0956402558
5.6457592257;1.2477233295;0.3658908759;0.0698733847
5.6560617060;1.5569257834;0.3658908759;0.0428795196
5.6663641863;1.8526313049;0.3781608145;0.0269285994
5.6766666667;2.1213429614;0.3830687900;0.0171126485
5.6869691470;2.3397478693;0.3806148022;0.0158856546
5.6972716273;2.5103000166;0.3720258452;0.0146586607
5.7075741077;2.6060055380;0.3769338207;0.0195666362
5.7178765880;2.6329994031;0.3732528391;0.0306095810
5.7281790684;2.5888276239;0.3695718575;0.0404255319
5.7384815487;2.4783981761;0.3720258452;0.0563764522
5.7487840290;2.3029380534;0.3793878084;0.0796893356
5.7590865094;2.0906681147;0.3732528391;0.1042292129
5.7693889897;1.8612202620;0.3720258452;0.1201801331
5.7796914701;1.6244104460;0.3707988513;0.1385850411
5.7899939504;1.3912816117;0.3683448636;0.1459470043
5.8002964307;1.1888276239;0.3720258452;0.1496279859
5.8105989111;1.0256374399;0.3671178697;0.1459470043
5.8209013914;0.9139809982;0.3671178697;0.1422660227
5.8312038717;0.8636742497;0.3671178697;0.1287690902
5.8415063521;0.8759441884;0.3683448636;0.1079101945
5.8518088324;0.9458828387;0.3683448636;0.0919592742
5.8621113128;1.0673552313;0.3683448636;0.0686463908
5.8724137931;1.2280914276;0.3744798329;0.0441065135
5.8827162734;1.4109135135;0.3793878084;0.0293825871
5.8930187538;1.5949625933;0.3879767654;0.0122046730
5.9033212341;1.7728767037;0.3818417961;-0.0062002350
5.9136237145;1.9250239430;0.3855227777;-0.0246051429
5.9239261948;2.0354533908;0.3892037593;-0.0430100509
5.9342286751;2.0980300779;0.3830687900;-0.0638689466
5.9445311555;2.1041650472;0.3806148022;-0.0773658791
5.9548336358;2.0440423479;0.3781608145;-0.0871818300
5.9651361162;1.9164349859;0.3781608145;-0.1006787626
5.9754385965;1.7311589123;0.3744798329;-0.1117217073
5.9857410768;1.5004840657;0.3732528391;-0.1190836705
5.9960435572;1.2366803847;0.3671178697;-0.1301266153
6.0063460375;0.9446558448;0.3683448636;-0.1387155724
6.0166485178;0.6428153540;0.3622098943;-0.1448505417
6.0269509982;0.3323859061;0.3585289127;-0.1509855110
6.0372534785;0.0342263969;0.3597559065;-0.1632554497
6.0475559589;-0.2381662411;0.3634368881;-0.1804333638
6.0578584392;-0.4762030509;0.3609829004;-0.1927033024
6.0681609195;-0.6651601061;0.3560749249;-0.2062002350
6.0784633999;-0.8013564251;0.3560749249;-0.2221511552
6.0887658802;-0.8909269773;0.3609829004;-0.2368750816
6.0990683606;-0.9228288178;0.3609829004;-0.2515990080
6.1093708409;-0.9031969159;0.3597559065;-0.2626419527
6.1196733212;-0.8443012104;0.3597559065;-0.2712309098
6.1299758016;-0.7522766705;0.3634368881;-0.2847278423
6.1402782819;-0.6320312718;0.3646638820;-0.2994517687
6.1505807623;-0.5117858730;0.3646638820;-0.3092677196
6.1608832426;-0.3976754435;0.3609829004;-0.3227646521
6.1711857229;-0.2958349528;0.3622098943;-0.3362615846
6.1814882033;-0.2295772840;0.3597559065;-0.3509855110
6.1917906836;-0.1989024374;0.3585289127;-0.3669364313
6.2020931639;-0.2246693086;0.3573019188;-0.3853413393
6.2123956443;-0.2982889405;0.3609829004;-0.3951572902
6.2226981246;-0.4271232963;0.3634368881;-0.4160161859
6.2330006050;-0.6025834190;0.3622098943;-0.4295131184
6.2433030853;-0.8295772840;0.3573019188;-0.4466910325
6.2536055656;-1.0823380202;0.3560749249;-0.4675499282
6.2639080460;-1.3510496767;0.3573019188;-0.4847278423
6.2742105263;-1.6332582656;0.3609829004;-0.5055867380
6.2845130067;-1.8958349528;0.3658908759;-0.5227646521
6.2948154870;-2.1326447687;0.3707988513;-0.5338075969
6.3051179673;-2.3240558116;0.3757068268;-0.5460775356
6.3154204477;-2.4688410877;0.3781608145;-0.5509855110
6.3257229280;-2.5449147074;0.3904307532;-0.5522125049
6.3360254083;-2.5608656276;0.3965657225;-0.5522125049
6.3463278887;-2.5130128669;0.4063816734;-0.5497585172
6.3566303690;-2.4062644006;0.4112896489;-0.5387155724
6.3669328494;-2.2418472227;0.4161976243;-0.5178566767
6.3772353297;-2.0332582656;0.4260135753;-0.4994517687
6.3875378100;-1.8111723761;0.4296945568;-0.4712309098
6.3978402904;-1.5792705356;0.4333755384;-0.4442370448
6.4081427707;-1.3510496767;0.4382835139;-0.4135621981
6.4184452511;-1.1535036644;0.4382835139;-0.3865683331
6.4287477314;-0.9817245233;0.4444184832;-0.3558934865
6.4390502117;-0.8651601061;0.4419644955;-0.3313536092
6.4493526921;-0.7964484497;0.4456454771;-0.3080407258
6.4596551724;-0.7829515172;0.4444184832;-0.2859548362
6.4699576528;-0.8185343393;0.4444184832;-0.2749118914
6.4802601331;-0.9081048914;0.4456454771;-0.2675499282
6.4905626134;-1.0209883270;0.4431914894;-0.2601879650
6.5008650938;-1.1596386337;0.4456454771;-0.2577339773
6.5111675741;-1.3056509037;0.4493264587;-0.2552799896
6.5214700544;-1.4479821920;0.4444184832;-0.2552799896
6.5317725348;-1.5670005969;0.4468724710;-0.2589609712
6.5420750151;-1.6602521307;0.4505534526;-0.2540529957
6.5523774955;-1.7068778975;0.4517804464;-0.2479180264
6.5626799758;-1.7093318853;0.4505534526;-0.2356480877
6.5729824561;-1.6614791245;0.4591424096;-0.2098812166
6.5832849365;-1.5571846460;0.4554614280;-0.1841143454
6.5935874168;-1.4001294313;0.4615963973;-0.1509855110
6.6038898972;-1.1952214558;0.4566884219;-0.1031327503
6.6141923775;-0.9510496767;0.4579154157;-0.0479180264
6.6244948578;-0.6909269773;0.4530074403;0.0072966976
6.6347973382;-0.4271232963;0.4530074403;0.0661924031
6.6450998185;-0.1596386337;0.4480994648;0.1373580473
6.6554022989;0.0992570718;0.4419644955;0.2048427098
6.6657047792;0.3495638203;0.4346025323;0.2735543663
6.6760072595;0.5753306914;0.4370565200;0.3459470043
6.6863097399;0.7556987896;0.4382835139;0.4171126485
6.6966122202;0.8955760902;0.4370565200;0.4747813601
6.7069147005;0.9925086055;0.4382835139;0.5336770657
6.7172171809;1.0452693417;0.4382835139;0.5815298264
6.7275196612;1.0428153540;0.4395105078;0.6146586607
6.7378221416;0.9974165810;0.4407375016;0.6465605012
6.7481246219;0.9201159675;0.4407375016;0.6686463908
6.7584271022;0.8219564583;0.4395105078;0.6784623417
6.7687295826;0.7090730227;0.4395105078;0.6821433233
6.7790320629;0.6023245565;0.4419644955;0.6784623417
6.7893345433;0.5115270104;0.4358295262;0.6747813601
6.7996370236;0.4366803847;0.4382835139;0.6649654092
6.8099395039;0.3949625933;0.4395105078;0.6600574338
6.8202419843;0.3998705687;0.4321485446;0.6490144890
6.8305444646;0.4403613663;0.4346025323;0.6441065135
6.8408469449;0.5348398939;0.4309215507;0.6477874951
6.8511494253;0.6747171945;0.4333755384;0.6576034460
6.8614519056;0.8489503233;0.4358295262;0.6772353479
6.8717543860;1.0477233295;0.4358295262;0.7115911761
6.8820568663;1.2636742497;0.4358295262;0.7471739982
6.8923593466;1.4845331454;0.4358295262;0.7852108080
6.9026618270;1.6955760902;0.4419644955;0.8367445503
6.9129643073;1.8869871331;0.4493264587;0.8907322804
6.9232667877;2.0452693417;0.4566884219;0.9434930166
6.9335692680;2.1569257834;0.4689583605;0.9901187834
6.9438717483;2.2182754767;0.4812282992;1.0306095810
6.9541742287;2.2182754767;0.4910442501;1.0637384154
6.9644767090;2.1655147405;0.5045411826;1.0821433233
6.9747791894;2.0612202620;0.5180381151;1.0907322804
6.9850816697;1.9127540043;0.5315350476;1.0833703172
6.9953841500;1.7336129000;0.5352160292;1.0649654092
7.0056866304;1.5336129000;0.5438049863;1.0330635687
7.0159891107;1.3225699552;0.5536209372;0.9815298264
7.0262915910;1.1201159675;0.5646638820;0.9189531393
7.0365940714;0.9397478693;0.5744798329;0.8441065135
7.0468965517;0.7790116730;0.5744798329;0.7655789061
7.0571990321;0.6624472558;0.5793878084;0.6796893356
7.0675015124;0.5888276239;0.5830687900;0.5987077405
7.0778039927;0.5544717957;0.5879767654;0.5226341209
7.0881064731;0.5728767037;0.5977927164;0.4539224644
7.0984089534;0.6244104460;0.5977927164;0.3974807466
7.1087114338;0.7066190350;0.5965657225;0.3520819736
7.1190139141;0.8060055380;0.6014736980;0.3140451638
7.1293163944;0.9139809982;0.6027006918;0.2858243049
7.1396188748;1.0195024706;0.6076086673;0.2661924031
7.1499213551;1.1090730227;0.6100626550;0.2490144890
7.1602238355;1.1826926546;0.6137436366;0.2367445503
7.1705263158;1.2231834522;0.6137436366;0.2269285994
7.1808287961;1.2293184215;0.6161976243;0.2183396423
7.1911312765;1.1888276239;0.6198786059;0.2036157160
7.2014337568;1.1053920411;0.6186516121;0.1888917896
7.2117362371;0.9839196485;0.6198786059;0.1643519123
7.2220387175;0.8268644338;0.6211055998;0.1275420963
7.2323411978;0.6317724092;0.6198786059;0.0796893356
7.2426436782;0.4158214890;0.6137436366;0.0257016055
7.2529461585;0.1937355994;0.6100626550;-0.0442370448
7.2632486388;-0.0271232963;0.6149706305;-0.1288996215
7.2735511192;-0.2504361797;0.6174246182;-0.2295131184
7.2838535995;-0.4590251368;0.6161976243;-0.3374885785
7.2941560799;-0.6418472227;0.6186516121;-0.4466910325
7.3044585602;-0.7890864865;0.6272405691;-0.5657094374
7.3147610405;-0.9019699221;0.6260135753;-0.6773658791
7.3250635209;-0.9682275908;0.6309215507;-0.7890223208
7.3353660012;-1.0001294313;0.6321485446;-0.8957707871
7.3456684815;-0.9890864865;0.6370565200;-0.9890223208
7.3559709619;-0.9338717626;0.6480994648;-1.0724579037
7.3662734422;-0.8528901675;0.6542344341;-1.1411695601
7.3765759226;-0.7498226828;0.6554614280;-1.1951572902
7.3868784029;-0.6381662411;0.6542344341;-1.2331941000
7.3971808832;-0.5240558116;0.6652773789;-1.2540529957
7.4074833636;-0.4258963024;0.6603694035;-1.2638689466
7.4177858439;-0.3498226828;0.6652773789;-1.2577339773
7.4280883243;-0.3044239098;0.6615963973;-1.2479180264
7.4383908046;-0.2958349528;0.6530074403;-1.2258321368
7.4486932849;-0.3289637871;0.6505534526;-1.1963842840
7.4589957653;-0.4025834190;0.6480994648;-1.1779793761
7.4692982456;-0.5081048914;0.6493264587;-1.1608014620
7.4796007260;-0.6492091859;0.6480994648;-1.1436235478
7.4899032063;-0.8136263638;0.6444184832;-1.1350345908
7.5002056866;-0.9890864865;0.6468724710;-1.1473045294
7.5105081670;-1.1645466092;0.6468724710;-1.1558934865
7.5208106473;-1.3314177748;0.6579154157;-1.1804333638
7.5311131276;-1.4725220693;0.6652773789;-1.2184701736
7.5414156080;-1.5841785110;0.6763203237;-1.2589609712
7.5517180883;-1.6492091859;0.6885902624;-1.3043597442
7.5620205687;-1.6700680816;0.7020871949;-1.3460775356
7.5723230490;-1.6467551982;0.7155841274;-1.3902493147
7.5826255293;-1.5768165478;0.7339890354;-1.4295131184
7.5929280097;-1.4614791245;0.7438049863;-1.4540529957
7.6032304900;-1.3154668546;0.7548479311;-1.4601879650
7.6135329704;-1.1485956889;0.7634368881;-1.4626419527
7.6238354507;-0.9694545847;0.7781608145;-1.4368750816
7.6341379310;-0.7903134804;0.7830687900;-1.3927033024
7.6444404114;-0.6197613331;0.7867497716;-1.3325806031
7.6547428917;-0.4798840325;0.7928847409;-1.2565069834
7.6650453721;-0.3620926215;0.7855227777;-1.1669364313
7.6753478524;-0.2798840325;0.7842957838;-1.0626419527
7.6856503327;-0.2357122534;0.7830687900;-0.9509855110
7.6959528131;-0.2283502902;0.7830687900;-0.8393290693
7.7062552934;-0.2541171613;0.7781608145;-0.7203106644
7.7165577737;-0.3142398607;0.7707988513;-0.6098812166
7.7268602541;-0.4050374067;0.7683448636;-0.5019057564
7.7371627344;-0.5081048914;0.7671178697;-0.4037462472
7.7474652148;-0.6160803515;0.7646638820;-0.3154026889
7.7577676951;-0.7191478362;0.7597559065;-0.2368750816
7.7680701754;-0.8173073454;0.7597559065;-0.1693904190
7.7783726558;-0.8884729896;0.7585289127;-0.1117217073
7.7886751361;-0.9350987564;0.7536209372;-0.0601879650
7.7989776165;-0.9485956889;0.7487129618;-0.0147891920
7.8092800968;-0.9289637871;0.7487129618;0.0220206239
7.8195825771;-0.8725220693;0.7425779924;0.0502414828
7.8298850575;-0.7780435417;0.7413509986;0.0919592742
7.8401875378;-0.6479821920;0.7413509986;0.1312230779
7.8504900181;-0.4946079589;0.7388970108;0.1803028325
7.8607924985;-0.3265097994;0.7388970108;0.2367445503
7.8710949788;-0.1449147074;0.7364430231;0.3017752252
7.8813974592;0.0366803847;0.7241730845;0.3766218509
7.8916999395;0.1961895871;0.7180381151;0.4661924031
7.9020024198;0.3471098325;0.7119031458;0.5631249184
7.9123049002;0.4734902006;0.7131301397;0.6711003785
7.9226073805;0.5642877466;0.7119031458;0.7815298264
7.9329098609;0.6219564583;0.7057681765;0.8968672497
7.9432123412;0.6391343724;0.7069951703;1.0158856546
7.9535148215;0.6207294644;0.7008602010;1.1373580473
7.9638173019;0.5606067650;0.6947252317;1.2514684767
7.9741197822;0.4673552313;0.6996332072;1.3582169430
7.9844222626;0.3532448018;0.6934982378;1.4502414828
7.9947247429;0.2268644338;0.6873632685;1.5250881086
8.0050272232;0.0980300779;0.6824552930;1.5864378019
8.0153297036;-0.0185343393;0.6836822869;1.6379715442
8.0256321839;-0.1314177748;0.6775473176;1.6735543663
8.0359346642;-0.2087183883;0.6714123483;1.6870512988
8.0462371446;-0.2565711491;0.6652773789;1.6919592742
8.0565396249;-0.2712950755;0.6615963973;1.6833703172
8.0668421053;-0.2430742166;0.6542344341;1.6686463908
8.0771445856;-0.1706815785;0.6493264587;1.6477874951
8.0874470659;-0.0676140939;0.6505534526;1.6183396423
8.0977495463;0.0612202620;0.6431914894;1.5901187834
8.1080520266;0.2084595258;0.6419644955;1.5655789061
8.1183545070;0.3618337589;0.6431914894;1.5434930166
8.1286569873;0.5164349859;0.6480994648;1.5275420963
8.1389594676;0.6550852926;0.6554614280;1.5115911761
8.1492619480;0.7741036976;0.6579154157;1.5042292129
8.1595644283;0.8612202620;0.6701853544;1.4968672497
8.1698669087;0.8992570718;0.6800013053;1.4968672497
8.1801693890;0.9029380534;0.6873632685;1.5079101945
8.1904718693;0.8698092190;0.6959522256;1.5103641822
8.2007743497;0.7925086055;0.6996332072;1.5066832006
8.2110768300;0.6833061515;0.7033141887;1.5066832006
8.2213793103;0.5446558448;0.7082221642;1.4907322804
8.2316817907;0.3949625933;0.7082221642;1.4723273724
8.2419842710;0.2403613663;0.7155841274;1.4453335074
8.2522867514;0.0992570718;0.7155841274;1.3962537528
8.2625892317;-0.0271232963;0.7168111213;1.3361310534
8.2728917120;-0.1277367932;0.7241730845;1.2625114215
8.2831941924;-0.2013564251;0.7229460906;1.1778488448
8.2934966727;-0.2369392472;0.7241730845;1.0845973111
8.3037991531;-0.2393932350;0.7241730845;0.9778488448
8.3141016334;-0.1989024374;0.7241730845;0.8686463908
8.3244041137;-0.1252828055;0.7204921029;0.7545359614
8.3347065941;-0.0283502902;0.7290810599;0.6379715442
8.3450090744;0.0894411209;0.7278540660;0.5238611147
8.3553115547;0.2195024706;0.7278540660;0.4085236914
8.3656140351;0.3630607528;0.7352160292;0.3005482313
8.3759165154;0.5066190350;0.7450319802;0.1962537528
8.3862189958;0.6329994031;0.7511669495;0.0980942436
8.3965214761;0.7385208755;0.7523939433;0.0134316669
8.4068239564;0.8195024706;0.7560749249;-0.0626419527
8.4171264368;0.8685822252;0.7585289127;-0.1411695601
8.4274289171;0.8747171945;0.7609829004;-0.2111082104
8.4377313975;0.8501773172;0.7634368881;-0.2835008485
8.4480338778;0.7937355994;0.7609829004;-0.3460775356
8.4583363581;0.7017110595;0.7609829004;-0.4098812166
8.4686388385;0.5888276239;0.7597559065;-0.4785928730
8.4789413188;0.4575392804;0.7573019188;-0.5485315233
8.4892437992;0.3201159675;0.7585289127;-0.6196971675
8.4995462795;0.1790116730;0.7597559065;-0.6920898055
8.5098487598;0.0587662742;0.7622098943;-0.7730714006
8.5201512402;-0.0430742166;0.7634368881;-0.8540529957
8.5304537205;-0.1191478362;0.7683448636;-0.9387155724
8.5407562008;-0.1633196153;0.7757068268;-1.0221511552
8.5510586812;-0.1719085724;0.7818417961;-1.1080407258
8.5613611615;-0.1412337258;0.7830687900;-1.2012922595
8.5716636419;-0.0762030509;0.7916577470;-1.2822738546
8.5819661222;0.0182754767;0.7916577470;-1.3608014620
8.5922686025;0.1336129000;0.7867497716;-1.4270591307
8.6025710829;0.2808521638;0.7904307532;-1.4871818300
8.6128735632;0.4379073785;0.7904307532;-1.5374885785
8.6231760436;0.5826926546;0.7892037593;-1.5828873515
8.6334785239;0.7250239430;0.7855227777;-1.6172431797
8.6437810042;0.8403613663;0.7732528391;-1.6405560632
8.6540834846;0.9201159675;0.7658908759;-1.6515990080
8.6643859649;0.9630607528;0.7573019188;-1.6552799896
8.6746884453;0.9655147405;0.7474859679;-1.6515990080
8.6849909256;0.9225699552;0.7388970108;-1.6479180264
8.6952934059;0.8477233295;0.7254000783;-1.6307401123
8.7055958863;0.7372938816;0.7119031458;-1.6172431797
8.7158983666;0.5986435749;0.7119031458;-1.6012922595
8.7262008469;0.4403613663;0.7020871949;-1.5853413393
8.7365033273;0.2747171945;0.6971792194;-1.5608014620
8.7468058076;0.1250239430;0.6885902624;-1.5423965540
8.7571082880;-0.0099453822;0.6898172562;-1.5252186399
8.7674107683;-0.1216018239;0.6922712440;-1.5104947135
8.7777132486;-0.2038104129;0.6959522256;-1.4896358178
8.7880157290;-0.2492091859;0.6996332072;-1.4675499282
8.7983182093;-0.2590251368;0.6959522256;-1.4442370448
8.8086206897;-0.2332582656;0.7020871949;-1.4111082104
8.8189231700;-0.1682275908;0.7045411826;-1.3755253883
8.8292256503;-0.0762030509;0.7020871949;-1.3325806031
8.8395281307;0.0231834522;0.6959522256;-1.2945437932
8.8498306110;0.1274779307;0.6947252317;-1.2356480877
8.8601330913;0.2391343724;0.6885902624;-1.1742983945
8.8704355717;0.3422018571;0.6836822869;-1.1068137319
8.8807380520;0.4280914276;0.6787743114;-1.0295131184
8.8910405324;0.4796251699;0.6726393421;-0.9473045294
8.9013430127;0.5066190350;0.6677313667;-0.8614149589
8.9116454930;0.4955760902;0.6566884219;-0.7792063699
8.9219479734;0.4452693417;0.6530074403;-0.6810468607
8.9322504537;0.3679687282;0.6431914894;-0.5877953270
8.9425529341;0.2550852926;0.6358295262;-0.5006787626
8.9528554144;0.1152079920;0.6296945568;-0.4074272288
8.9631578947;-0.0381662411;0.6321485446;-0.3239916460
8.9734603751;-0.2062644006;0.6296945568;-0.2344210939
8.9837628554;-0.3780435417;0.6260135753;-0.1546664926
8.9940653358;-0.5412337258;0.6247865814;-0.0736848975
9.0043678161;-0.6970619466;0.6223325937;-0.0062002350
9.0146702964;-0.8344852595;0.6211055998;0.0539224644
9.0249727768;-0.9424607196;0.6174246182;0.1226341209
9.0352752571;-1.0123993699;0.6112896489;0.1925727712
9.0455777374;-1.0479821920;0.6076086673;0.2625114215
9.0558802178;-1.0528901675;0.6027006918;0.3287690902
9.0661826981;-1.0283502902;0.6014736980;0.3987077405
9.0764851785;-0.9682275908;0.5953387286;0.4711003785
9.0867876588;-0.8933809650;0.5892037593;0.5422660227
9.0970901391;-0.7976754435;0.5818417961;0.6146586607
9.1073926195;-0.6970619466;0.5793878084;0.6919592742
9.1176950998;-0.5989024374;0.5793878084;0.7668059000
9.1279975802;-0.5130128669;0.5732528391;0.8477874951
9.1383000605;-0.4443012104;0.5683448636;0.9214071270
9.1486025408;-0.4013564251;0.5671178697;0.9974807466
9.1589050212;-0.3829515172;0.5683448636;1.0686463908
9.1692075015;-0.4013564251;0.5634368881;1.1324500718
9.1795099819;-0.4614791245;0.5634368881;1.1950267589
9.1898124622;-0.5400067319;0.5573019188;1.2416525258
9.2001149425;-0.6528901675;0.5511669495;1.2845973111
9.2104174229;-0.7866324988;0.5499399556;1.3177261454
9.2207199032;-0.9277367932;0.5425779924;1.3410390288
9.2310223835;-1.0737490632;0.5376700170;1.3545359614
9.2413248639;-1.2160803515;0.5290810599;1.3618979246
9.2516273442;-1.3387797380;0.5119031458;1.3606709307
9.2619298246;-1.4308042779;0.5020871949;1.3533089675
9.2722323049;-1.4896999834;0.4885902624;1.3496279859
9.2825347852;-1.5068778975;0.4763203237;1.3373580473
9.2928372656;-1.4872459957;0.4665043728;1.3250881086
9.3031397459;-1.4320312718;0.4591424096;1.3054562068
9.3134422263;-1.3387797380;0.4468724710;1.2907322804
9.3237447066;-1.2074913945;0.4431914894;1.2796893356
9.3340471869;-1.0614791245;0.4321485446;1.2674193969
9.3443496673;-0.8982889405;0.4247865814;1.2588304399
9.3546521476;-0.7412337258;0.4161976243;1.2502414828
9.3649546279;-0.5854055049;0.4161976243;1.2428795196
9.3752571083;-0.4443012104;0.4186516121;1.2367445503
9.3855595886;-0.3265097994;0.4137436366;1.2257016055
9.3958620690;-0.2381662411;0.4198786059;1.2158856546
9.4061645493;-0.1804975294;0.4161976243;1.2036157160
9.4164670296;-0.1547306583;0.4137436366;1.1815298264
9.4267695100;-0.1596386337;0.4174246182;1.1496279859
9.4370719903;-0.1952214558;0.4161976243;1.1177261454
9.4473744707;-0.2504361797;0.4137436366;1.0747813601
9.4576769510;-0.3142398607;0.4112896489;1.0269285994
9.4679794313;-0.3804975294;0.4112896489;0.9655789061
9.4782819117;-0.4516631736;0.4112896489;0.8968672497
9.4885843920;-0.5056509037;0.4125166427;0.8183396423
9.4988868724;-0.5400067319;0.4063816734;0.7349040595
9.5091893527;-0.5498226828;0.4112896489;0.6551494583
9.5194918330;-0.5277367932;0.4174246182;0.5704868816
9.5297943134;-0.4811110264;0.4161976243;0.4821433233
9.5400967937;-0.4013564251;0.4186516121;0.3888917896
9.5503992740;-0.2860190018;0.4235595875;0.3115911761
9.5607017544;-0.1510496767;0.4321485446;0.2330635687
9.5710042347;0.0010975626;0.4333755384;0.1545359614
9.5813067151;0.1704227160;0.4235595875;0.0870512988
9.5916091954;0.3556987896;0.4296945568;0.0342905626
9.6019116757;0.5446558448;0.4346025323;-0.0160161859
9.6122141561;0.7139809982;0.4431914894;-0.0626419527
9.6225166364;0.8734902006;0.4517804464;-0.1129487012
9.6328191168;1.0109135135;0.4505534526;-0.1558934865
9.6431215971;1.1201159675;0.4505534526;-0.1927033024
9.6534240774;1.1961895871;0.4517804464;-0.2282861245
9.6637265578;1.2501773172;0.4554614280;-0.2736848975
9.6740290381;1.2612202620;0.4579154157;-0.3141756951
9.6843315185;1.2477233295;0.4579154157;-0.3571204804
9.6946339988;1.2096865196;0.4566884219;-0.4037462472
9.7049364791;1.1446558448;0.4603694035;-0.4589609712
9.7152389595;1.0673552313;0.4591424096;-0.5190836705
9.7255414398;0.9876006301;0.4542344341;-0.5718444067
9.7358439201;0.9078460288;0.4542344341;-0.6368750816
9.7461464005;0.8391343724;0.4517804464;-0.7019057564
9.7564488808;0.7925086055;0.4579154157;-0.7657094374
9.7667513612;0.7679687282;0.4566884219;-0.8295131184
9.7770538415;0.7655147405;0.4566884219;-0.8957707871
9.7873563218;0.7998705687;0.4579154157;-0.9534394988
9.7976588022;0.8575392804;0.4579154157;-1.0074272288
9.8079612825;0.9397478693;0.4591424096;-1.0528260018
9.8182637629;1.0538582988;0.4505534526;-1.0847278423
9.8285662432;1.1790116730;0.4468724710;-1.1080407258
9.8388687235;1.0538582988;0.4505534526;-1.0847278423
9.8491712039;1.1790116730;0.4468724710;-1.1080407258
9.8594736842;1.3017110595;0.4395105078;-1.1239916460
9.8697761645;1.4231834522;0.4296945568;-1.1288996215
9.8800786449;1.5287049245;0.4186516121;-1.1301266153
9.8903811252;1.6133675012;0.4137436366;-1.1239916460
9.9006836056;1.6722632068;0.4051546795;-1.1068137319
9.9109860859;1.6980300779;0.3879767654;-1.0847278423
9.9212885662;1.6857601393;0.3793878084;-1.0577339773
9.9315910466;1.6354533908;0.3695718575;-1.0270591307
9.9418935269;1.5507908141;0.3622098943;-0.9963842840
9.9521960073;1.4391343724;0.3438049863;-0.9767523822
9.9624984876;1.3029380534;0.3327620415;-0.9546664926
9.9728009679;1.1483368264;0.3303080538;-0.9362615846
9.9831034483;0.9802386669;0.3204921029;-0.9227646521
9.9934059286;0.8145944951;0.3192651090;-0.9129487012
10.0037084090;0.6673552313;0.3155841274;-0.8982247748
10.0140108893;0.5323859061;0.3094491581;-0.8908628116
10.0243133696;0.4195024706;0.3069951703;-0.8884088239
10.0346158500;0.3262509368;0.3020871949;-0.8798198669
10.0449183303;0.2649012436;0.2996332072;-0.8785928730
10.0552208106;0.2293184215;0.2984062133;-0.8700039159
10.0655232910;0.2109135135;0.2959522256;-0.8577339773
10.0758257713;0.2207294644;0.2959522256;-0.8356480877
10.0861282517;0.2501773172;0.2910442501;-0.8098812166
10.0964307320;0.2869871331;0.2873632685;-0.7804333638
10.1067332123;0.3201159675;0.2849092808;-0.7411695601
10.1170356927;0.3532448018;0.2861362746;-0.7006787626
10.1273381730;0.3691957221;0.2824552930;-0.6417830570
10.1376406534;0.3704227160;0.2775473176;-0.5841143454
10.1479431337;0.3544717957;0.2738663360;-0.5190836705
10.1582456140;0.3152079920;0.2701853544;-0.4454640386
10.1685480944;0.2403613663;0.2591424096;-0.3742983945
10.1788505747;0.1434288509;0.2554614280;-0.3006787626
10.1891530551;0.0244104460;0.2615963973;-0.2258321368
10.1994555354;-0.1191478362;0.2640503851;-0.1558934865
10.2097580157;-0.2786570386;0.2554614280;-0.0847278423
10.2200604961;-0.4492091859;0.2566884219;-0.0184701736
10.2303629764;-0.6283502902;0.2566884219;0.0342905626
10.2406654567;-0.7964484497;0.2493264587;0.0833703172
10.2509679371;-0.9682275908;0.2444184832;0.1422660227
10.2612704174;-1.1216018239;0.2395105078;0.1815298264
10.2715728978;-1.2528901675;0.2370565200;0.2232476178
10.2818753781;-1.3559576521;0.2333755384;0.2612844276
10.2921778584;-1.4320312718;0.2296945568;0.2907322804
10.3024803388;-1.4798840325;0.2223325937;0.3250881086
10.3127828191;-1.4982889405;0.2235595875;0.3471739982
10.3230852995;-1.4823380202;0.2211055998;0.3729408693
10.3333877798;-1.4381662411;0.2161976243;0.3962537528
10.3436902601;-1.3817245233;0.2125166427;0.4257016055
10.3539927405;-1.3117858730;0.2100626550;0.4465605012
10.3642952208;-1.2320312718;0.2039276857;0.4698733847
10.3745977011;-1.1571846460;0.2014736980;0.5042292129
10.3849001815;-1.0921539712;0.1977927164;0.5410390288
10.3952026618;-1.0479821920;0.1916577470;0.5753948571
10.4055051422;-1.0209883270;0.1916577470;0.6122046730
10.4158076225;-1.0160803515;0.1867497716;0.6514684767
10.4261101028;-1.0430742166;0.1879767654;0.6980942436
10.4364125832;-1.0995159343;0.1781608145;0.7385850411
10.4467150635;-1.1743625601;0.1732528391;0.7778488448
10.4570175439;-1.3670005969;0.1597559065;0.8416525258
10.4673200242;-1.3670005969;0.1597559065;0.8416525258
10.4776225045;-1.4712950755;0.1499399556;0.8686463908
10.4879249849;-1.5706815785;0.1364430231;0.8956402558
10.4982274652;-1.6479821920;0.1266270722;0.9079101945
10.5085299456;-1.7068778975;0.1155841274;0.9177261454
10.5188324259;-1.7326447687;0.1082221642;0.9189531393
10.5291349062;-1.7289637871;0.0934982378;0.9201801331
10.5394373866;-1.6909269773;0.0812282992;0.9066832006
10.5497398669;-1.6222153209;0.0775473176;0.8895052865
10.5600423472;-1.5203748301;0.0701853544;0.8760083540
10.5703448276;-1.3927674681;0.0603694035;0.8514684767
10.5806473079;-1.2455282043;0.0566884219;0.8244746117
10.5909497883;-1.0835650141;0.0566884219;0.7999347344
10.6012522686;-0.9166938485;0.0554614280;0.7680328939
10.6115547489;-0.7510496767;0.0530074403;0.7385850411
10.6218572293;-0.5952214558;0.0493264587;0.7140451638
10.6321597096;-0.4553441552;0.0505534526;0.6882782927
10.6424621900;-0.3375527442;0.0542344341;0.6612844276
10.6527646703;-0.2357122534;0.0542344341;0.6404255319
10.6630671506;-0.1645466092;0.0542344341;0.6158856546
10.6733696310;-0.1142398607;0.0530074403;0.5937997650
10.6836721113;-0.0872459957;0.0517804464;0.5729408693
10.6939745917;-0.0737490632;0.0554614280;0.5484009920
10.7042770720;-0.0737490632;0.0542344341;0.5287690902
10.7145795523;-0.0933809650;0.0530074403;0.5054562068
10.7248820327;-0.1130128669;0.0554614280;0.4784623417
10.7351845130;-0.1216018239;0.0542344341;0.4502414828
10.7454869933;-0.1265097994;0.0542344341;0.4281555933
10.7557894737;-0.1142398607;0.0542344341;0.3999347344
10.7660919540;-0.0860190018;0.0566884219;0.3668059000
10.7763944344;-0.0357122534;0.0554614280;0.3299960841
10.7866969147;0.0342263969;0.0566884219;0.2870512988
10.7969993950;0.1213429614;0.0566884219;0.2453335074
10.8073018754;0.2403613663;0.0615963973;0.1974807466
10.8176043557;0.3814656607;0.0628233912;0.1434930166
10.8279068361;0.5336129000;0.0689583605;0.0931862681
10.8382093164;0.6906681147;0.0750933299;0.0391985380
10.8485117967;0.8599932681;0.0800013053;-0.0135621981
10.8588142771;1.0231834522;0.0800013053;-0.0736848975
10.8691167574;1.1741036976;0.0849092808;-0.1338075969
10.8794192377;1.3127540043;0.0836822869;-0.1963842840
10.8897217181;1.4280914276;0.0849092808;-0.2540529957
10.9000241984;1.5164349859;0.0861362746;-0.3080407258
10.9103266788;1.5851466423;0.0861362746;-0.3608014620
10.9206291591;1.6145944951;0.0849092808;-0.4037462472
10.9309316394;1.6231834522;0.0836822869;-0.4479180264
10.9412341198;1.5937355994;0.0800013053;-0.4859548362
10.9515366001;1.5532448018;0.0763203237;-0.5178566767
10.9618390805;1.4931221025;0.0763203237;-0.5485315233
10.9721415608;1.4133675012;0.0689583605;-0.5718444067
10.9824440411;1.3287049245;0.0652773789;-0.5939302963
10.9927465215;1.2489503233;0.0628233912;-0.6074272288
11.0030490018;1.1814656607;0.0628233912;-0.6196971675
11.0133514822;1.1274779307;0.0591424096;-0.6381020754
11.0236539625;1.0906681147;0.0566884219;-0.6479180264
11.0339564428;1.0796251699;0.0566884219;-0.6565069834
11.0442589232;1.0943490963;0.0554614280;-0.6675499282
11.0545614035;1.1299319184;0.0542344341;-0.6773658791
11.0648638838;1.1863736362;0.0554614280;-0.6908628116
11.0751663642;1.2464963356;0.0542344341;-0.6982247748
11.0854688445;1.3237969491;0.0468724710;-0.7141756951
11.0957713249;1.3974165810;0.0370565200;-0.7313536092
11.1060738052;1.4710362129;0.0321485446;-0.7497585172
11.1163762855;1.5225699552;0.0247865814;-0.7657094374
11.1266787659;1.5556987896;0.0235595875;-0.7828873515
11.1369812462;1.5593797712;0.0125166427;-0.8012922595
11.1472837266;1.5348398939;0.0039276857;-0.8184701736
11.1575862069;1.4808521638;-0.0022072836;-0.8331941000
11.1678886872;1.3998705687;-0.0107962407;-0.8393290693
11.1781911676;1.2833061515;-0.0181582039;-0.8466910325
11.1884936479;1.1507908141;-0.0255201671;-0.8442370448
11.1987961283;0.9974165810;-0.0353361180;-0.8381020754
11.2090986086;0.8366803847;-0.0365631119;-0.8282861245
11.2194010889;0.6698092190;-0.0426980812;-0.8098812166
11.2297035693;0.5103000166;-0.0463790628;-0.7865683331
11.2400060496;0.3606067650;-0.0549680198;-0.7546664926
11.2503085299;0.2145944951;-0.0598759953;-0.7166296828
11.2606110103;0.0968030841;-0.0635569769;-0.6810468607
11.2709134906;0.0010975626;-0.0623299830;-0.6381020754
11.2812159710;-0.0774300448;-0.0598759953;-0.5914763086
11.2915184513;-0.1314177748;-0.0623299830;-0.5436235478
11.3018209316;-0.1694545847;-0.0660109646;-0.4945437932
11.3121234120;-0.1890864865;-0.0660109646;-0.4466910325
11.3224258923;-0.1952214558;-0.0672379585;-0.3976112779
11.3327283727;-0.1927674681;-0.0623299830;-0.3485315233
11.3430308530;-0.1829515172;-0.0709189401;-0.3055867380
11.3533333333;-0.1731355662;-0.0684649524;-0.2638689466
11.3636358137;-0.1780435417;-0.0721459340;-0.2295131184
11.3739382940;-0.1915404742;-0.0672379585;-0.1927033024
11.3842407743;-0.2283502902;-0.0696919462;-0.1558934865
11.3945432547;-0.2749760570;-0.0684649524;-0.1215376583
11.4048457350;-0.3449147074;-0.0733729278;-0.0896358178
11.4151482154;-0.4332582656;-0.0733729278;-0.0626419527
11.4254506957;-0.5412337258;-0.0696919462;-0.0295131184
11.4357531760;-0.6676140939;-0.0733729278;0.0011617282
11.4460556564;-0.8123993699;-0.0795078971;0.0281555933
11.4563581367;-0.9559576521;-0.0782809033;0.0588304399
11.4666606171;-1.1031969159;-0.0831888787;0.1017752252
11.4769630974;-1.2430742166;-0.0819618849;0.1398120350
11.4872655777;-1.3817245233;-0.0893238481;0.1852108080
11.4975680581;-1.4909269773;-0.0942318235;0.2318365749
11.5078705384;-1.5804975294;-0.0954588174;0.2858243049
11.5181730188;-1.6565711491;-0.0966858113;0.3398120350
11.5284754991;-1.6896999834;-0.1077287560;0.3913457773
11.5387779794;-1.6958349528;-0.1187717008;0.4453335074
11.5490804598;-1.6835650141;-0.1224526824;0.4980942436
11.5593829401;-1.6479821920;-0.1249066701;0.5533089675
11.5696854204;-1.5829515172;-0.1359496149;0.6085236914
11.5799879008;-1.5044239098;-0.1469925597;0.6526954706
11.5902903811;-1.3277367932;-0.1555815168;0.7263151025
11.6005928615;-1.3277367932;-0.1555815168;0.7263151025
11.6108953418;-1.1657736031;-0.1690784493;0.7815298264
11.6211978221;-1.1657736031;-0.1690784493;0.7815298264
11.6315003025;-1.1093318853;-0.1739864247;0.7974807466
11.6418027828;-1.0663871000;-0.1801213941;0.8072966976
11.6521052632;-1.0504361797;-0.1813483879;0.8146586607
11.6624077435;-1.0504361797;-0.1887103511;0.8183396423
11.6727102238;-1.0749760570;-0.1960723143;0.8183396423
11.6830127042;-1.1154668546;-0.2009802898;0.8097506853
11.6933151845;-1.1633196153;-0.2058882652;0.8072966976
11.7036176649;-1.2123993699;-0.2083422530;0.7937997650
11.7139201452;-1.2639331123;-0.2120232346;0.7888917896
11.7242226255;-1.3019699221;-0.2169312100;0.7852108080
11.7345251059;-1.3289637871;-0.2279741548;0.7803028325
11.7448275862;-1.3314177748;-0.2365631119;0.7704868816
11.7551300665;-1.3081048914;-0.2365631119;0.7692598877
11.7654325469;-1.2627061184;-0.2476060567;0.7680328939
11.7757350272;-1.1915404742;-0.2549680198;0.7643519123
11.7860375076;-1.0884729896;-0.2598759953;0.7594439368
11.7963399879;-0.9694545847;-0.2635569769;0.7582169430
11.8066424682;-0.8283502902;-0.2672379585;0.7533089675
11.8169449486;-0.6700680816;-0.2672379585;0.7484009920
11.8272474289;-0.5117858730;-0.2660109646;0.7373580473
11.8375499093;-0.3461417012;-0.2733729278;0.7189531393
11.8478523896;-0.1829515172;-0.2733729278;0.7017752252
11.8581548699;-0.0344852595;-0.2672379585;0.6747813601
11.8684573503;0.0931221025;-0.2721459340;0.6490144890
11.8787598306;0.2084595258;-0.2696919462;0.6171126485
11.8890623109;0.3029380534;-0.2696919462;0.5753948571
11.8993647913;0.3765576853;-0.2611029892;0.5275420963
11.9096672716;0.4280914276;-0.2549680198;0.4809163295
11.9199697520;0.4636742497;-0.2574220076;0.4244746117
11.9302722323;0.4771711822;-0.2476060567;0.3631249184
11.9405747126;0.4783981761;-0.2414710873;0.3005482313
11.9508771930;0.4747171945;-0.2377901057;0.2379715442
11.9611796733;0.4636742497;-0.2377901057;0.1692598877
11.9714821537;0.4550852926;-0.2328821303;0.1115911761
11.9817846340;0.4526313049;-0.2255201671;0.0465605012
11.9920871143;0.4636742497;-0.2181582039;-0.0049732411
12.0023895947;0.4857601393;-0.2242931732;-0.0638689466
12.0126920750;0.5287049245;-0.2193851978;-0.1203106644
12.0229945554;0.5851466423;-0.2107962407;-0.1693904190
12.0332970357;0.6599932681;-0.2071152591;-0.2196971675
12.0435995160;0.7569257834;-0.2046612714;-0.2614149589
12.0539019964;0.8636742497;-0.2046612714;-0.3031327503
12.0642044767;0.9888276239;-0.1985263020;-0.3460775356
12.0745069570;1.1115270104;-0.1997532959;-0.3865683331
12.0848094374;1.2268644338;-0.2046612714;-0.4270591307
12.0951119177;1.3483368264;-0.2009802898;-0.4614149589
12.1054143981;1.4538582988;-0.2083422530;-0.4957707871
12.1157168784;1.5422018571;-0.2058882652;-0.5313536092
12.1260193587;1.6060055380;-0.2120232346;-0.5681634251
12.1363218391;1.6440423479;-0.2169312100;-0.6074272288
12.1466243194;1.6550852926;-0.2206121916;-0.6442370448
12.1569267998;1.6403613663;-0.2242931732;-0.6859548362
12.1672292801;1.5986435749;-0.2292011487;-0.7239916460
12.1775317604;1.5323859061;-0.2292011487;-0.7620284558
12.1878342408;1.4452693417;-0.2390170996;-0.8037462472
12.1981367211;1.3458828387;-0.2439250751;-0.8442370448
12.2084392015;1.2440423479;-0.2463790628;-0.8810468607
12.2187416818;1.1409748632;-0.2549680198;-0.9117217073
12.2290441621;1.0452693417;-0.2586490014;-0.9448505417
12.2393466425;0.9593797712;-0.2611029892;-0.9681634251
12.2496491228;0.8992570718;-0.2635569769;-0.9902493147
12.2599516031;0.8514043111;-0.2684649524;-1.0111082104
12.2702540835;0.8219564583;-0.2709189401;-1.0196971675
12.2805565638;0.8121405074;-0.2844158726;-1.0295131184
12.2908590442;0.8170484828;-0.2856428665;-1.0295131184
12.3011615245;0.8403613663;-0.2930048297;-1.0307401123
12.3114640048;0.8710362129;-0.2991397990;-1.0270591307
12.3217664852;0.9017110595;-0.2966858113;-1.0098812166
12.3320689655;0.9274779307;-0.3003667928;-0.9963842840
12.3423714459;0.9520178080;-0.3126367315;-0.9779793761
12.3526739262;0.9544717957;-0.3187717008;-0.9522125049
12.3629764065;0.9397478693;-0.3273606579;-0.9301266153
12.3732788869;0.9041650472;-0.3359496149;-0.9006787626
12.3835813672;0.8452693417;-0.3433115781;-0.8712309098
12.3938838475;0.7630607528;-0.3482195536;-0.8393290693
12.4041863279;0.6624472558;-0.3531275290;-0.7988382718
12.4144888082;0.5360668877;-0.3604894922;-0.7632554497
12.4247912886;0.3949625933;-0.3678514554;-0.7239916460
12.4350937689;0.2464963356;-0.3752134186;-0.6810468607
12.4453962492;0.0968030841;-0.3752134186;-0.6393290693
12.4556987296;-0.0467551982;-0.3715324370;-0.5976112779
12.4660012099;-0.1915404742;-0.3715324370;-0.5534394988
12.4763036903;-0.3289637871;-0.3752134186;-0.5055867380
12.4866061706;-0.4516631736;-0.3752134186;-0.4589609712
12.4969086509;-0.5498226828;-0.3752134186;-0.4062002350
12.5072111313;-0.6357122534;-0.3813483879;-0.3534394988
12.5175136116;-0.6958349528;-0.3801213941;-0.2994517687
12.5278160920;-0.7326447687;-0.3813483879;-0.2381020754
12.5381185723;-0.7498226828;-0.3788944002;-0.1841143454
12.5484210526;-0.7559576521;-0.3825753818;-0.1264456337
12.5587235330;-0.7485956889;-0.3813483879;-0.0663229343
12.5690260133;-0.7289637871;-0.3862563634;-0.0062002350
12.5793284936;-0.7068778975;-0.3862563634;0.0465605012
12.5896309740;-0.6872459957;-0.3862563634;0.1115911761
12.5999334543;-0.6725220693;-0.3874833573;0.1753948571
12.6102359347;-0.6663871000;-0.3887103511;0.2416525258
12.6205384150;-0.6700680816;-0.3936183266;0.3091371884
12.6308408953;-0.6896999834;-0.3997532959;0.3729408693
12.6411433757;-0.7326447687;-0.3997532959;0.4416525258
12.6514458560;-0.7866324988;-0.3997532959;0.5017752252
12.6617483364;-0.8565711491;-0.3997532959;0.5680328939
12.6720508167;-0.9387797380;-0.4058882652;0.6318365749
12.6823532970;-1.0308042779;-0.4132502284;0.6919592742
12.6926557774;-1.1228288178;-0.4169312100;0.7471739982
12.7029582577;-1.2197613331;-0.4255201671;0.8036157160
12.7132607381;-1.3031969159;-0.4328821303;0.8588304399
12.7235632184;-1.3719085724;-0.4365631119;0.9066832006
12.7338656987;-1.4234423147;-0.4500600444;0.9496279859
12.7441681791;-1.4504361797;-0.4574220076;0.9876647957
12.7544706594;-1.4553441552;-0.4684649524;1.0232476178
12.7647731397;-1.4369392472;-0.4758269155;1.0514684767
12.7750756201;-1.3903134804;-0.4844158726;1.0845973111
12.7853781004;-1.3228288178;-0.4930048297;1.0993212374
12.7956805808;-1.2320312718;-0.5003667928;1.1189531393
12.8059830611;-1.1326447687;-0.5150907192;1.1312230779
12.8162855414;-1.0258963024;-0.5236796763;1.1398120350
12.8265880218;-0.9142398607;-0.5285876517;1.1447200104
12.8368905021;-0.8050374067;-0.5322686333;1.1434930166
12.8471929825;-0.6995159343;-0.5334956272;1.1459470043
12.8574954628;-0.6148533577;-0.5347226211;1.1422660227
12.8677979431;-0.5436877135;-0.5347226211;1.1287690902
12.8781004235;-0.4909269773;-0.5408575904;1.1263151025
12.8884029038;-0.4602521307;-0.5408575904;1.1140451638
12.8987053842;-0.4381662411;-0.5457655659;1.1042292129
12.9090078645;-0.4308042779;-0.5506735413;1.0882782927
12.9193103448;-0.4406202288;-0.5519005352;1.0809163295
12.9296128252;-0.4528901675;-0.5506735413;1.0637384154
12.9399153055;-0.4737490632;-0.5555815168;1.0404255319
12.9502177858;-0.4860190018;-0.5580355045;1.0281555933
12.9605202662;-0.4872459957;-0.5604894922;0.9962537528
12.9708227465;-0.4786570386;-0.5629434800;0.9668059000
12.9811252269;-0.4565711491;-0.5653974677;0.9361310534
12.9914277072;-0.4197613331;-0.5666244616;0.8956402558
13.0017301875;-0.3535036644;-0.5641704738;0.8539224644
13.0120326679;-0.2762030509;-0.5690784493;0.7987077405
13.0223351482;-0.1817245233;-0.5703054432;0.7410390288
13.0326376286;-0.0676140939;-0.5678514554;0.6760083540
13.0429401089;0.0464963356;-0.5629434800;0.6036157160
13.0532425892;0.1655147405;-0.5629434800;0.5299960841
13.0635450696;0.2918951086;-0.5568085106;0.4490144890
13.0738475499;0.4182754767;-0.5519005352;0.3668059000
13.0841500302;0.5311589123;-0.5420845843;0.2760083540
13.0944525106;0.6366803847;-0.5371766088;0.1876647957
13.1047549909;0.7225699552;-0.5371766088;0.1030022190
13.1150574713;0.7949625933;-0.5298146456;0.0207936301
13.1253599516;0.8501773172;-0.5261336640;-0.0614149589
13.1356624319;0.8820791577;-0.5236796763;-0.1436235478
13.1459649123;0.8931221025;-0.5224526824;-0.2221511552
13.1562673926;0.8857601393;-0.5126367315;-0.2957707871
13.1665698730;0.8685822252;-0.5175447070;-0.3681634251
13.1768723533;0.8342263969;-0.5126367315;-0.4344210939
13.1871748336;0.7900546178;-0.5126367315;-0.4969977810
13.1974773140;0.7483368264;-0.5101827438;-0.5534394988
13.2077797943;0.7041650472;-0.5138637254;-0.6062002350
13.2180822747;0.6661282374;-0.5126367315;-0.6552799896
13.2283847550;0.6403613663;-0.5052747683;-0.7055867380
13.2386872353;0.6244104460;-0.5052747683;-0.7509855110
13.2489897157;0.6207294644;-0.5052747683;-0.8025192534
13.2592921960;0.6329994031;-0.5101827438;-0.8540529957
13.2695946763;0.6636742497;-0.5065017622;-0.9055867380
13.2798971567;0.7029380534;-0.5077287560;-0.9558934865
13.2901996370;0.7520178080;-0.5089557499;-1.0049732411
13.3005021174;0.8010975626;-0.5101827438;-1.0687769221
13.3108045977;0.8563122865;-0.5138637254;-1.1264456337
13.3211070780;0.9090730227;-0.5126367315;-1.1828873515
13.3314095584;0.9520178080;-0.5138637254;-1.2417830570
13.3417120387;0.9802386669;-0.5175447070;-1.2933167994
13.3520145191;0.9937355994;-0.5249066701;-1.3473045294
13.3623169994;0.9826926546;-0.5334956272;-1.3963842840
13.3726194797;0.9532448018;-0.5396305965;-1.4319671061
13.3829219601;0.9053920411;-0.5469925597;-1.4601879650
13.3932244404;0.8329994031;-0.5519005352;-1.4847278423
13.4035269208;0.7483368264;-0.5617164861;-1.4957707871
13.4138294011;0.6514043111;-0.5690784493;-1.4982247748
13.4241318814;0.5458828387;-0.5739864247;-1.4896358178
13.4344343618;0.4354533908;-0.5838023757;-1.4724579037
13.4447368421;0.3237969491;-0.5838023757;-1.4417830570
13.4550393224;0.2219564583;-0.5899373450;-1.4086542227
13.4653418028;0.1372938816;-0.5997532959;-1.3669364313
13.4756442831;0.0685822252;-0.6022072836;-1.3215376583
13.4859467635;0.0133675012;-0.5972993082;-1.2675499282
13.4962492438;-0.0357122534;-0.5985263020;-1.2086542227
13.5065517241;-0.0639331123;-0.5997532959;-1.1485315233
13.5168542045;-0.0762030509;-0.5985263020;-1.0957707871
13.5271566848;-0.0737490632;-0.6046612714;-1.0368750816
13.5374591652;-0.0627061184;-0.6034342775;-0.9804333638
13.5477616455;-0.0467551982;-0.6071152591;-0.9313536092
13.5580641258;-0.0357122534;-0.6058882652;-0.8810468607
13.5683666062;-0.0222153209;-0.6107962407;-0.8307401123
13.5786690865;-0.0160803515;-0.6132502284;-0.7841143454
13.5889715668;-0.0258963024;-0.6120232346;-0.7387155724
13.5992740472;-0.0430742166;-0.6181582039;-0.6920898055
13.6095765275;-0.0712950755;-0.6230661793;-0.6417830570
13.6198790079;-0.1191478362;-0.6181582039;-0.5890223208
13.6301814882;-0.1731355662;-0.6230661793;-0.5313536092
13.6404839685;-0.2430742166;-0.6267471609;-0.4724579037
13.6507864489;-0.3252828055;-0.6279741548;-0.4012922595
13.6610889292;-0.4111723761;-0.6304281425;-0.3227646521
13.6713914096;-0.4958349528;-0.6316551364;-0.2442370448
13.6816938899;-0.5768165478;-0.6328821303;-0.1522125049
13.6919963702;-0.6541171613;-0.6353361180;-0.0540529957
13.7022988506;-0.7228288178;-0.6451520689;0.0404255319
13.7126013309;-0.7780435417;-0.6439250751;0.1434930166
13.7229038113;-0.8136263638;-0.6451520689;0.2502414828
13.7332062916;-0.8344852595;-0.6512870382;0.3557629552
13.7435087719;-0.8320312718;-0.6598759953;0.4649654092
13.7538112523;-0.8087183883;-0.6623299830;0.5729408693
13.7641137326;-0.7780435417;-0.6721459340;0.6711003785
13.7744162129;-0.7363257503;-0.6770539094;0.7692598877
13.7847186933;-0.6725220693;-0.6844158726;0.8563764522
13.7950211736;-0.6050374067;-0.6868698603;0.9398120350
13.8053236540;-0.5375527442;-0.6930048297;1.0122046730
13.8156261343;-0.4676140939;-0.6942318235;1.0711003785
13.8259286146;-0.4038104129;-0.6991397990;1.1201801331
13.8362310950;-0.3461417012;-0.6979128051;1.1643519123
13.8465335753;-0.2933809650;-0.7077287560;1.1987077405
13.8568360557;-0.2663871000;-0.7077287560;1.2281555933
13.8671385360;-0.2467551982;-0.7040477744;1.2539224644
13.8774410163;-0.2430742166;-0.7077287560;1.2772353479
13.8877434967;-0.2528901675;-0.7101827438;1.3005482313
13.8980459770;-0.2663871000;-0.7101827438;1.3128181700
13.9083484574;-0.2933809650;-0.7138637254;1.3275420963
13.9186509377;-0.3240558116;-0.7138637254;1.3410390288
13.9289534180;-0.3449147074;-0.7187717008;1.3594439368
13.9392558984;-0.3608656276;-0.7187717008;1.3778488448
13.9495583787;-0.3731355662;-0.7261336640;1.3999347344
13.9598608590;-0.3657736031;-0.7273606579;1.4158856546
13.9701633394;-0.3424607196;-0.7359496149;1.4367445503
13.9804658197;-0.3056509037;-0.7433115781;1.4539224644
13.9907683001;-0.2492091859;-0.7469925597;1.4661924031
14.0010707804;-0.1780435417;-0.7482195536;1.4747813601
14.0113732607;-0.0946079589;-0.7506735413;1.4747813601
14.0216757411;-0.0001294313;-0.7494465474;1.4723273724
14.0319782214;0.0882141270;-0.7506735413;1.4637384154
14.0422807018;0.1802386669;-0.7543545229;1.4379715442
14.0525831821;0.2783981761;-0.7506735413;1.4085236914
14.0628856624;0.3667417344;-0.7445385720;1.3692598877
14.0731881428;0.4440423479;-0.7408575904;1.3128181700
14.0834906231;0.5066190350;-0.7310416395;1.2526954706
14.0937931034;0.5520178080;-0.7261336640;1.1815298264
14.1040955838;0.5777846791;-0.7236796763;1.1042292129
14.1143980641;0.5863736362;-0.7114097376;1.0195666362
14.1247005445;0.5777846791;-0.7089557499;0.9324500718
14.1350030248;0.5569257834;-0.7077287560;0.8416525258
14.1453055051;0.5262509368;-0.6979128051;0.7459470043
14.1556079855;0.4845331454;-0.6893238481;0.6563764522
14.1659104658;0.4415883601;-0.6893238481;0.5655789061
14.1762129462;0.3986435749;-0.6880968542;0.4747813601
14.1865154265;0.3606067650;-0.6831888787;0.3937997650
14.1968179068;0.3336129000;-0.6782809033;0.3152721577
14.2071203872;0.3152079920;-0.6758269155;0.2391985380
14.2174228675;0.3090730227;-0.6758269155;0.1655789061
14.2277253479;0.3152079920;-0.6684649524;0.0858243049
14.2380278282;0.3336129000;-0.6611029892;0.0244746117
14.2483303085;0.3667417344;-0.6672379585;-0.0368750816
14.2586327889;0.4060055380;-0.6660109646;-0.1055867380
14.2689352692;0.4514043111;-0.6598759953;-0.1755253883
14.2792377495;0.4906681147;-0.6549680198;-0.2417830570
14.2895402299;0.5336129000;-0.6537410260;-0.3166296828
14.2998427102;0.5655147405;-0.6537410260;-0.3890223208
14.3101451906;0.5925086055;-0.6525140321;-0.4687769221
14.3204476709;0.6047785442;-0.6463790628;-0.5460775356
14.3307501512;0.6060055380;-0.6476060567;-0.6282861245
14.3410526316;0.5912816117;-0.6488330505;-0.7068137319
14.3513551119;0.5544717957;-0.6488330505;-0.7927033024
14.3616575923;0.5041650472;-0.6488330505;-0.8785928730
14.3719600726;0.4342263969;-0.6512870382;-0.9608014620
14.3822625529;0.3532448018;-0.6512870382;-1.0356480877
14.3925650333;0.2575392804;-0.6561950137;-1.1141756951
14.4028675136;0.1606067650;-0.6549680198;-1.1841143454
14.4131699940;0.0636742497;-0.6512870382;-1.2491450202
14.4234724743;-0.0246693086;-0.6439250751;-1.3068137319
14.4337749546;-0.1166938485;-0.6414710873;-1.3522125049
14.4440774350;-0.2001294313;-0.6328821303;-1.3890223208
14.4543799153;-0.2725220693;-0.6353361180;-1.4209241613
14.4646823956;-0.3289637871;-0.6341091241;-1.4442370448
14.4749848760;-0.3645466092;-0.6304281425;-1.4601879650
14.4852873563;-0.3878594926;-0.6292011487;-1.4687769221
14.4955898367;-0.3915404742;-0.6206121916;-1.4700039159
14.5058923170;-0.3878594926;-0.6181582039;-1.4626419527
14.5161947973;-0.3694545847;-0.6157042162;-1.4540529957
14.5264972777;-0.3498226828;-0.6132502284;-1.4381020754
14.5367997580;-0.3301907810;-0.6157042162;-1.4258321368
14.5471022384;-0.3093318853;-0.6144772223;-1.4049732411
14.5574047187;-0.2982889405;-0.6107962407;-1.3828873515
14.5677071990;-0.3007429282;-0.6107962407;-1.3608014620
14.5780096794;-0.3117858730;-0.6144772223;-1.3325806031
14.5883121597;-0.3375527442;-0.6144772223;-1.3104947135
14.5986146400;-0.3731355662;-0.6169312100;-1.2761388853
14.6089171204;-0.4320312718;-0.6157042162;-1.2454640386
14.6192196007;-0.5019699221;-0.6169312100;-1.2098812166
14.6295220811;-0.5694545847;-0.6120232346;-1.1730714006
14.6398245614;-0.6467551982;-0.6144772223;-1.1325806031
14.6501270417;-0.7289637871;-0.6169312100;-1.0871818300
14.6604295221;-0.8013564251;-0.6132502284;-1.0381020754
14.6707320024;-0.8614791245;-0.6132502284;-0.9877953270
14.6810344828;-0.9130128669;-0.6095692468;-0.9313536092
14.6913369631;-0.9535036644;-0.6083422530;-0.8700039159
14.7016394434;-0.9731355662;-0.6034342775;-0.8037462472
14.7119419238;-0.9559576521;-0.6046612714;-0.6540529957
14.7222444041;-0.9203748301;-0.6058882652;-0.5742983945
14.7325468845;-0.8712950755;-0.6022072836;-0.4945437932
14.7428493648;-0.8712950755;-0.6022072836;-0.4945437932
14.7531518451;-0.7363257503;-0.6009802898;-0.3362615846
14.7634543255;-0.7363257503;-0.6009802898;-0.3362615846
14.7737568058;-0.5817245233;-0.6046612714;-0.1669364313
14.7840592861;-0.5056509037;-0.6083422530;-0.0761388853
14.7943617665;-0.4344852595;-0.6132502284;0.0060697037
14.8046642468;-0.3768165478;-0.6157042162;0.0845973111
14.8149667272;-0.3252828055;-0.6157042162;0.1643519123
14.8252692075;-0.2798840325;-0.6230661793;0.2441065135
14.8355716878;-0.2492091859;-0.6255201671;0.3238611147
14.8458741682;-0.2320312718;-0.6292011487;0.3974807466
14.8561766485;-0.2222153209;-0.6292011487;0.4747813601
14.8664791289;-0.2209883270;-0.6341091241;0.5484009920
14.8767816092;-0.2295772840;-0.6365631119;0.6171126485
14.8870840895;-0.2332582656;-0.6439250751;0.6821433233
14.8973865699;-0.2443012104;-0.6488330505;0.7410390288
14.9076890502;-0.2430742166;-0.6512870382;0.7987077405
14.9179915306;-0.2271232963;-0.6586490014;0.8612844276
14.9282940109;-0.2062644006;-0.6647839708;0.9128181700
14.9385964912;-0.1694545847;-0.6696919462;0.9594439368
14.9488989716;-0.1694545847;-0.6696919462;0.9594439368
14.9592014519;-0.1166938485;-0.6684649524;1.0072966976
14.9695039322;-0.0492091859;-0.6721459340;1.0465605012
14.9798064126;0.0280914276;-0.6782809033;1.0833703172
14.9901088929;0.1152079920;-0.6844158726;1.1140451638
15.0004113733;0.2133675012;-0.6893238481;1.1471739982
15.0107138536;0.3262509368;-0.6856428665;1.1717138755
15.0210163339;0.4379073785;-0.6868698603;1.1962537528
15.0313188143;0.5458828387;-0.6819618849;1.2036157160
15.0416212946;0.6464963356;-0.6807348910;1.2195666362
15.0519237750;0.7409748632;-0.6758269155;1.2232476178
15.0622262553;0.8244104460;-0.6733729278;1.2269285994
15.0725287356;0.8882141270;-0.6696919462;1.2306095810
15.0828312160;0.9360668877;-0.6672379585;1.2195666362
15.0931336963;0.9655147405;-0.6561950137;1.2085236914
15.1034361766;0.9728767037;-0.6525140321;1.2011617282
15.1137386570;0.9691957221;-0.6463790628;1.1901187834
15.1240411373;0.9581527773;-0.6390170996;1.1692598877
15.1343436177;0.9348398939;-0.6328821303;1.1447200104
15.1446460980;0.9017110595;-0.6279741548;1.1226341209
15.1549485783;0.8734902006;-0.6242931732;1.0919592742
15.1652510587;0.8452693417;-0.6206121916;1.0649654092
15.1755535390;0.8207294644;-0.6144772223;1.0269285994
15.1858560194;0.8133675012;-0.6144772223;0.9888917896
15.1961584997;0.8047785442;-0.6095692468;0.9508549798
15.2064609800;0.8158214890;-0.6034342775;0.9066832006
15.2167634604;0.8342263969;-0.5997532959;0.8526954706
15.2270659407;0.8661282374;-0.5936183266;0.7962537528
15.2373684211;0.9053920411;-0.5862563634;0.7385850411
15.2476709014;0.9422018571;-0.5776674063;0.6711003785
15.2579733817;0.9839196485;-0.5703054432;0.6023887221
15.2682758621;1.0231834522;-0.5641704738;0.5312230779
15.2785783424;1.0538582988;-0.5641704738;0.4600574338
15.2888808227;1.0759441884;-0.5580355045;0.3864378019
15.2991833031;1.0845331454;-0.5494465474;0.3115911761
15.3094857834;1.0796251699;-0.5457655659;0.2416525258
15.3197882638;1.0538582988;-0.5420845843;0.1692598877
15.3300907441;1.0158214890;-0.5371766088;0.0968672497
15.3403932244;0.9556987896;-0.5371766088;0.0318365749
15.3506957048;0.8894411209;-0.5359496149;-0.0307401123
15.3609981851;0.8121405074;-0.5371766088;-0.0945437932
15.3713006655;0.7176619798;-0.5371766088;-0.1509855110
15.3816031458;0.6133675012;-0.5371766088;-0.2074272288
15.3919056261;0.5115270104;-0.5310416395;-0.2614149589
15.4022081065;0.4145944951;-0.5334956272;-0.3129487012
15.4125105868;0.3078460288;-0.5334956272;-0.3657094374
15.4228130672;0.2109135135;-0.5384036027;-0.4111082104
15.4331155475;0.1262509368;-0.5384036027;-0.4626419527
15.4434180278;0.0538582988;-0.5322686333;-0.5104947135
15.4537205082;-0.0050374067;-0.5310416395;-0.5595744681
15.4640229885;-0.0639331123;-0.5322686333;-0.6074272288
15.4743254688;-0.1019699221;-0.5261336640;-0.6577339773
15.4846279492;-0.1375527442;-0.5273606579;-0.7092677196
15.4949304295;-0.1633196153;-0.5261336640;-0.7546664926
15.5052329099;-0.1878594926;-0.5224526824;-0.8000652656
15.5155353902;-0.2111723761;-0.5273606579;-0.8442370448
15.5258378705;-0.2271232963;-0.5261336640;-0.8933167994
15.5361403509;-0.2504361797;-0.5199986947;-0.9374885785
15.5464428312;-0.2798840325;-0.5236796763;-0.9742983945
15.5567453116;-0.3240558116;-0.5212256886;-1.0074272288
15.5670477919;-0.3768165478;-0.5187717008;-1.0331941000
15.5773502722;-0.4369392472;-0.5163177131;-1.0552799896
15.5876527526;-0.5142398607;-0.5150907192;-1.0700039159
15.5979552329;-0.5976754435;-0.5138637254;-1.0847278423
15.6082577132;-0.6896999834;-0.5138637254;-1.0822738546
15.6185601936;-0.7890864865;-0.5126367315;-1.0798198669
15.6288626739;-0.8860190018;-0.5065017622;-1.0687769221
15.6391651543;-0.9792705356;-0.5089557499;-1.0491450202
15.6494676346;-1.0712950755;-0.5101827438;-1.0233781491
15.6597701149;-1.1571846460;-0.5089557499;-0.9914763086
15.6700725953;-1.2222153209;-0.5003667928;-0.9608014620
15.6803750756;-1.2835650141;-0.4954588174;-0.9154026889
15.6906775560;-1.3265097994;-0.4905508419;-0.8736848975
15.7009800363;-1.3424607196;-0.4880968542;-0.8393290693
15.7112825166;-1.3485956889;-0.4868698603;-0.7963842840
15.7215849970;-1.3449147074;-0.4795078971;-0.7583474742
15.7318874773;-1.3252828055;-0.4745999217;-0.7190836705
15.7421899577;-1.2896999834;-0.4770539094;-0.6773658791
15.7524924380;-1.2541171613;-0.4745999217;-0.6430100509
15.7627949183;-1.2099453822;-0.4696919462;-0.6111082104
15.7730973987;-1.1620926215;-0.4709189401;-0.5792063699
15.7833998790;-1.1203748301;-0.4709189401;-0.5460775356
15.7937023593;-1.0860190018;-0.4672379585;-0.5154026889
15.8040048397;-1.0627061184;-0.4623299830;-0.4835008485
15.8143073200;-1.0357122534;-0.4611029892;-0.4515990080
15.8246098004;-1.0209883270;-0.4574220076;-0.4147891920
15.8349122807;-1.0160803515;-0.4598759953;-0.3755253883
15.8452147610;-1.0173073454;-0.4586490014;-0.3301266153
15.8555172414;-1.0197613331;-0.4561950137;-0.2798198669
15.8658197217;-1.0308042779;-0.4647839708;-0.2258321368
15.8761222021;-1.0320312718;-0.4611029892;-0.1693904190
15.8864246824;-1.0197613331;-0.4635569769;-0.1080407258
15.8967271627;-1.0136263638;-0.4611029892;-0.0466910325
15.9070296431;-1.0025834190;-0.4635569769;0.0232476178
15.9173321234;-0.9755895540;-0.4696919462;0.0858243049
15.9276346038;-0.9350987564;-0.4696919462;0.1569899491
15.9379370841;-0.8786570386;-0.4745999217;0.2244746117
15.9482395644;-0.8050374067;-0.4770539094;0.2895052865
15.9585420448;-0.7240558116;-0.4819618849;0.3557629552
15.9688445251;-0.6271232963;-0.4856428665;0.4158856546
15.9791470054;-0.5203748301;-0.4868698603;0.4711003785
15.9894494858;-0.4111723761;-0.4905508419;0.5214071270
15.9997519661;-0.2909269773;-0.4893238481;0.5655789061
16.0100544465;-0.1755895540;-0.4954588174;0.6011617282
16.0203569268;-0.0590251368;-0.4991397990;0.6355175565
16.0306594071;0.0403613663;-0.5003667928;0.6563764522
16.0409618875;0.1397478693;-0.5089557499;0.6772353479
16.0512643678;0.2329994031;-0.5077287560;0.6980942436
16.0615668482;0.3164349859;-0.5065017622;0.7054562068
16.0718693285;0.3851466423;-0.5089557499;0.7152721577
16.0821718088;0.4452693417;-0.5040477744;0.7128181700
16.0924742892;0.4918951086;-0.5040477744;0.7177261454
16.1027767695;0.5348398939;-0.5028207806;0.7189531393
16.1130792498;0.5691957221;-0.5040477744;0.7201801331
16.1233817302;0.5998705687;-0.5028207806;0.7214071270
16.1336842105;0.6280914276;-0.4979128051;0.7226341209
16.1439866909;0.6575392804;-0.4954588174;0.7263151025
16.1542891712;0.6882141270;-0.4954588174;0.7324500718
16.1645916515;0.7250239430;-0.4917778358;0.7373580473
16.1748941319;0.7679687282;-0.4954588174;0.7398120350
16.1851966122;0.8207294644;-0.4930048297;0.7434930166
16.1954990926;0.8857601393;-0.4893238481;0.7447200104
16.2058015729;0.9544717957;-0.4844158726;0.7434930166
16.2161040532;1.0219564583;-0.4844158726;0.7447200104
16.2264065336;1.1041650472;-0.4819618849;0.7398120350
16.2367090139;1.1851466423;-0.4758269155;0.7250881086
16.2470114943;1.2624472558;-0.4745999217;0.7054562068
16.2573139746;1.3385208755;-0.4709189401;0.6845973111
16.2676164549;1.4035515503;-0.4696919462;0.6539224644
16.2779189353;1.4563122865;-0.4574220076;0.6146586607
16.2882214156;1.4906681147;-0.4525140321;0.5692598877
16.2985238959;1.5188889736;-0.4451520689;0.5263151025
16.3088263763;1.5225699552;-0.4353361180;0.4784623417
16.3191288566;1.5176619798;-0.4255201671;0.4232476178
16.3294313370;1.4943490963;-0.4230661793;0.3680328939
16.3397338173;1.4612202620;-0.4144772223;0.3115911761
16.3500362976;1.4084595258;-0.4120232346;0.2502414828
16.3603387780;1.3495638203;-0.4071152591;0.1913457773
16.3706412583;1.2869871331;-0.4009802898;0.1373580473
16.3809437387;1.2219564583;-0.3972993082;0.0870512988
16.3912462190;1.1642877466;-0.3911643389;0.0416525258
16.4015486993;1.1066190350;-0.3936183266;-0.0000652656
16.4118511797;1.0587662742;-0.3936183266;-0.0344210939
16.4221536600;1.0096865196;-0.3923913327;-0.0700039159
16.4324561404;0.9704227160;-0.3923913327;-0.1068137319
16.4427586207;0.9397478693;-0.3899373450;-0.1374885785
16.4530611010;0.9127540043;-0.3923913327;-0.1681634251
16.4633635814;0.8931221025;-0.3936183266;-0.1939302963
16.4736660617;0.8698092190;-0.3948453205;-0.2221511552
16.4839685420;0.8464963356;-0.3948453205;-0.2466910325
16.4942710224;0.8158214890;-0.3923913327;-0.2785928730
16.5045735027;0.7949625933;-0.3911643389;-0.3019057564
16.5148759831;0.7593797712;-0.3936183266;-0.3362615846
16.5251784634;0.7139809982;-0.3887103511;-0.3681634251
16.5354809437;0.6563122865;-0.3948453205;-0.4000652656
16.5457834241;0.5912816117;-0.3948453205;-0.4417830570
16.5560859044;0.5090730227;-0.3972993082;-0.4785928730
16.5663883848;0.4158214890;-0.4034342775;-0.5092677196
16.5766908651;0.3139809982;-0.3972993082;-0.5423965540
16.5869933454;0.2084595258;-0.4009802898;-0.5779793761
16.5972958258;0.0955760902;-0.3985263020;-0.6111082104
16.6075983061;-0.0173073454;-0.3972993082;-0.6430100509
16.6179007864;-0.1350987564;-0.3972993082;-0.6749118914
16.6282032668;-0.2565711491;-0.3960723143;-0.6908628116
16.6385057471;-0.3731355662;-0.3985263020;-0.7092677196
16.6488082275;-0.4774300448;-0.3960723143;-0.7239916460
16.6591107078;-0.5731355662;-0.3948453205;-0.7325806031
16.6694131881;-0.6602521307;-0.3887103511;-0.7362615846
16.6797156685;-0.7314177748;-0.3923913327;-0.7301266153
16.6900181488;-0.7976754435;-0.3887103511;-0.7215376583
16.7003206292;-0.8479821920;-0.3813483879;-0.7019057564
16.7106231095;-0.8811110264;-0.3813483879;-0.6835008485
16.7209255898;-0.9117858730;-0.3825753818;-0.6601879650
16.7312280702;-0.9375527442;-0.3862563634;-0.6344210939
16.7415305505;-0.9584116399;-0.3899373450;-0.6049732411
16.7518330309;-0.9755895540;-0.3911643389;-0.5706174129
16.7621355112;-0.9927674681;-0.3948453205;-0.5313536092
16.7724379915;-1.0111723761;-0.4009802898;-0.4945437932
16.7827404719;-1.0344852595;-0.4046612714;-0.4577339773
16.7930429522;-1.0663871000;-0.4169312100;-0.4221511552
16.8033454325;-1.1191478362;-0.4144772223;-0.3865683331
16.8136479129;-1.1645466092;-0.4157042162;-0.3583474742
16.8239503932;-1.2197613331;-0.4120232346;-0.3301266153
16.8342528736;-1.2786570386;-0.4107962407;-0.3055867380
16.8445553539;-1.3387797380;-0.4144772223;-0.2810468607
16.8548578342;-1.3989024374;-0.4132502284;-0.2552799896
16.8651603146;-1.4553441552;-0.4058882652;-0.2295131184
16.8754627949;-1.5019699221;-0.4046612714;-0.2074272288
16.8857652753;-1.5400067319;-0.4034342775;-0.1804333638
16.8960677556;-1.5596386337;-0.4083422530;-0.1583474742
16.9063702359;-1.5719085724;-0.4046612714;-0.1288996215
16.9166727163;-1.5670005969;-0.4071152591;-0.0994517687
16.9269751966;-1.5473686951;-0.4034342775;-0.0650959405
16.9372776770;-1.5068778975;-0.4009802898;-0.0270591307
16.9475801573;-1.4541171613;-0.4022072836;0.0109776792
16.9578826376;-1.3964484497;-0.4071152591;0.0502414828
16.9681851180;-1.3277367932;-0.4083422530;0.0956402558
16.9784875983;-1.2467551982;-0.4107962407;0.1373580473
16.9887900786;-1.1633196153;-0.4169312100;0.1852108080
16.9990925590;-1.0798840325;-0.4193851978;0.2342905626
17.0093950393;-0.9964484497;-0.4181582039;0.2821433233
17.0196975197;NaN;NaN;NaN